C:\Users\casper\Desktop\StokTakip\StokTakip\StokTakip\Properties\launchSettings.json içindeki başlatma ayarları kullanılıyor...
info: Microsoft.EntityFrameworkCore.Database.Command[20101]
      Executed DbCommand (1,411ms) [Parameters=[@__normalizedName_0='?' (Size = 256)], CommandType='Text', CommandTimeout='30']
      SELECT TOP(1) [a].[Id], [a].[ConcurrencyStamp], [a].[Name], [a].[NormalizedName]
      FROM [AspNetRoles] AS [a]
      WHERE [a].[NormalizedName] = @__normalizedName_0
info: Microsoft.EntityFrameworkCore.Database.Command[20101]
      Executed DbCommand (3,907ms) [Parameters=[@__normalizedName_0='?' (Size = 256)], CommandType='Text', CommandTimeout='30']
      SELECT TOP(1) [a].[Id], [a].[ConcurrencyStamp], [a].[Name], [a].[NormalizedName]
      FROM [AspNetRoles] AS [a]
      WHERE [a].[NormalizedName] = @__normalizedName_0
info: Microsoft.EntityFrameworkCore.Database.Command[20101]
      Executed DbCommand (146ms) [Parameters=[@__normalizedName_0='?' (Size = 256)], CommandType='Text', CommandTimeout='30']
      SELECT TOP(1) [a].[Id], [a].[ConcurrencyStamp], [a].[Name], [a].[NormalizedName]
      FROM [AspNetRoles] AS [a]
      WHERE [a].[NormalizedName] = @__normalizedName_0
info: Microsoft.Hosting.Lifetime[14]
      Now listening on: http://localhost:5088
info: Microsoft.Hosting.Lifetime[0]
      Application started. Press Ctrl+C to shut down.
info: Microsoft.Hosting.Lifetime[0]
      Hosting environment: Development
info: Microsoft.Hosting.Lifetime[0]
      Content root path: C:\Users\casper\Desktop\StokTakip\StokTakip\StokTakip
warn: Microsoft.AspNetCore.HttpsPolicy.HttpsRedirectionMiddleware[3]
      Failed to determine the https port for redirect.
info: Microsoft.EntityFrameworkCore.Database.Command[20101]
      Executed DbCommand (154ms) [Parameters=[@__ToLower_0='?' (Size = 50)], CommandType='Text', CommandTimeout='30']
      SELECT CASE
          WHEN EXISTS (
              SELECT 1
              FROM [AspNetUsers] AS [a]
              WHERE LOWER([a].[Username]) = @__ToLower_0) THEN CAST(1 AS bit)
          ELSE CAST(0 AS bit)
      END
info: Microsoft.EntityFrameworkCore.Database.Command[20101]
      Executed DbCommand (103ms) [Parameters=[@__ToLower_0='?' (Size = 150)], CommandType='Text', CommandTimeout='30']
      SELECT CASE
          WHEN EXISTS (
              SELECT 1
              FROM [AspNetUsers] AS [a]
              WHERE [a].[Email] IS NOT NULL AND LOWER([a].[Email]) = @__ToLower_0) THEN CAST(1 AS bit)
          ELSE CAST(0 AS bit)
      END
warn: Microsoft.EntityFrameworkCore.Database.Transaction[30004]
      Savepoints are disabled because Multiple Active Result Sets (MARS) is enabled. If 'SaveChanges' fails, then the transaction cannot be automatically rolled back to a known clean state. Instead, the transaction should be rolled back by the application before retrying 'SaveChanges'. See https://go.microsoft.com/fwlink/?linkid=2149338 for more information and examples. To identify the code which triggers this warning, call 'ConfigureWarnings(w => w.Throw(SqlServerEventId.SavepointsDisabledBecauseOfMARS))'.
info: Microsoft.EntityFrameworkCore.Database.Command[20101]
      Executed DbCommand (493ms) [Parameters=[@p0='?' (Size = 20), @p1='?' (Size = 150), @p2='?' (DbType = DateTime2), @p3='?' (Size = 20)], CommandType='Text', CommandTimeout='30']
      SET IMPLICIT_TRANSACTIONS OFF;
      SET NOCOUNT ON;
      INSERT INTO [Companies] ([CompanyCode], [CompanyName], [CreatedDate], [PlanType])
      OUTPUT INSERTED.[Id]
      VALUES (@p0, @p1, @p2, @p3);
info: Microsoft.EntityFrameworkCore.Database.Command[20101]
      Executed DbCommand (99ms) [Parameters=[@__normalizedUserName_0='?' (Size = 256)], CommandType='Text', CommandTimeout='30']
      SELECT TOP(1) [a].[Id], [a].[AccessFailedCount], [a].[CompanyId], [a].[ConcurrencyStamp], [a].[CreatedDate], [a].[Email], [a].[EmailConfirmed], [a].[FullName], [a].[IsActive], [a].[LockoutEnabled], [a].[LockoutEnd], [a].[NormalizedEmail], [a].[NormalizedUserName], [a].[PasswordHash], [a].[PhoneNumber], [a].[PhoneNumberConfirmed], [a].[Role], [a].[SecurityStamp], [a].[TwoFactorEnabled], [a].[Username]
      FROM [AspNetUsers] AS [a]
      WHERE [a].[NormalizedUserName] = @__normalizedUserName_0
info: Microsoft.EntityFrameworkCore.Database.Command[20101]
      Executed DbCommand (101ms) [Parameters=[@__normalizedEmail_0='?' (Size = 256)], CommandType='Text', CommandTimeout='30']
      SELECT TOP(2) [a].[Id], [a].[AccessFailedCount], [a].[CompanyId], [a].[ConcurrencyStamp], [a].[CreatedDate], [a].[Email], [a].[EmailConfirmed], [a].[FullName], [a].[IsActive], [a].[LockoutEnabled], [a].[LockoutEnd], [a].[NormalizedEmail], [a].[NormalizedUserName], [a].[PasswordHash], [a].[PhoneNumber], [a].[PhoneNumberConfirmed], [a].[Role], [a].[SecurityStamp], [a].[TwoFactorEnabled], [a].[Username]
      FROM [AspNetUsers] AS [a]
      WHERE [a].[NormalizedEmail] = @__normalizedEmail_0
warn: Microsoft.EntityFrameworkCore.Database.Transaction[30004]
      Savepoints are disabled because Multiple Active Result Sets (MARS) is enabled. If 'SaveChanges' fails, then the transaction cannot be automatically rolled back to a known clean state. Instead, the transaction should be rolled back by the application before retrying 'SaveChanges'. See https://go.microsoft.com/fwlink/?linkid=2149338 for more information and examples. To identify the code which triggers this warning, call 'ConfigureWarnings(w => w.Throw(SqlServerEventId.SavepointsDisabledBecauseOfMARS))'.
info: Microsoft.EntityFrameworkCore.Database.Command[20101]
      Executed DbCommand (218ms) [Parameters=[@p0='?' (DbType = Int32), @p1='?' (DbType = Int32), @p2='?' (Size = 4000), @p3='?' (DbType = DateTime2), @p4='?' (Size = 150), @p5='?' (DbType = Boolean), @p6='?' (Size = 100), @p7='?' (DbType = Boolean), @p8='?' (DbType = Boolean), @p9='?' (DbType = DateTimeOffset), @p10='?' (Size = 256), @p11='?' (Size = 256), @p12='?' (Size = 4000), @p13='?' (Size = 4000), @p14='?' (DbType = Boolean), @p15='?' (Size = 20), @p16='?' (Size = 4000), @p17='?' (DbType = Boolean), @p18='?' (Size = 50)], CommandType='Text', CommandTimeout='30']
      SET IMPLICIT_TRANSACTIONS OFF;
      SET NOCOUNT ON;
      INSERT INTO [AspNetUsers] ([AccessFailedCount], [CompanyId], [ConcurrencyStamp], [CreatedDate], [Email], [EmailConfirmed], [FullName], [IsActive], [LockoutEnabled], [LockoutEnd], [NormalizedEmail], [NormalizedUserName], [PasswordHash], [PhoneNumber], [PhoneNumberConfirmed], [Role], [SecurityStamp], [TwoFactorEnabled], [Username])
      OUTPUT INSERTED.[Id]
      VALUES (@p0, @p1, @p2, @p3, @p4, @p5, @p6, @p7, @p8, @p9, @p10, @p11, @p12, @p13, @p14, @p15, @p16, @p17, @p18);
info: Microsoft.EntityFrameworkCore.Database.Command[20101]
      Executed DbCommand (122ms) [Parameters=[@__normalizedRoleName_0='?' (Size = 256)], CommandType='Text', CommandTimeout='30']
      SELECT TOP(2) [a].[Id], [a].[ConcurrencyStamp], [a].[Name], [a].[NormalizedName]
      FROM [AspNetRoles] AS [a]
      WHERE [a].[NormalizedName] = @__normalizedRoleName_0
info: Microsoft.EntityFrameworkCore.Database.Command[20101]
      Executed DbCommand (82ms) [Parameters=[@__p_0='?' (DbType = Int32), @__p_1='?' (DbType = Int32)], CommandType='Text', CommandTimeout='30']
      SELECT TOP(1) [a].[UserId], [a].[RoleId]
      FROM [AspNetUserRoles] AS [a]
      WHERE [a].[UserId] = @__p_0 AND [a].[RoleId] = @__p_1
info: Microsoft.EntityFrameworkCore.Database.Command[20101]
      Executed DbCommand (138ms) [Parameters=[@__normalizedRoleName_0='?' (Size = 256)], CommandType='Text', CommandTimeout='30']
      SELECT TOP(2) [a].[Id], [a].[ConcurrencyStamp], [a].[Name], [a].[NormalizedName]
      FROM [AspNetRoles] AS [a]
      WHERE [a].[NormalizedName] = @__normalizedRoleName_0
info: Microsoft.EntityFrameworkCore.Database.Command[20101]
      Executed DbCommand (426ms) [Parameters=[@__normalizedUserName_0='?' (Size = 256)], CommandType='Text', CommandTimeout='30']
      SELECT TOP(1) [a].[Id], [a].[AccessFailedCount], [a].[CompanyId], [a].[ConcurrencyStamp], [a].[CreatedDate], [a].[Email], [a].[EmailConfirmed], [a].[FullName], [a].[IsActive], [a].[LockoutEnabled], [a].[LockoutEnd], [a].[NormalizedEmail], [a].[NormalizedUserName], [a].[PasswordHash], [a].[PhoneNumber], [a].[PhoneNumberConfirmed], [a].[Role], [a].[SecurityStamp], [a].[TwoFactorEnabled], [a].[Username]
      FROM [AspNetUsers] AS [a]
      WHERE [a].[NormalizedUserName] = @__normalizedUserName_0
info: Microsoft.EntityFrameworkCore.Database.Command[20101]
      Executed DbCommand (152ms) [Parameters=[@__normalizedEmail_0='?' (Size = 256)], CommandType='Text', CommandTimeout='30']
      SELECT TOP(2) [a].[Id], [a].[AccessFailedCount], [a].[CompanyId], [a].[ConcurrencyStamp], [a].[CreatedDate], [a].[Email], [a].[EmailConfirmed], [a].[FullName], [a].[IsActive], [a].[LockoutEnabled], [a].[LockoutEnd], [a].[NormalizedEmail], [a].[NormalizedUserName], [a].[PasswordHash], [a].[PhoneNumber], [a].[PhoneNumberConfirmed], [a].[Role], [a].[SecurityStamp], [a].[TwoFactorEnabled], [a].[Username]
      FROM [AspNetUsers] AS [a]
      WHERE [a].[NormalizedEmail] = @__normalizedEmail_0
warn: Microsoft.EntityFrameworkCore.Database.Transaction[30004]
      Savepoints are disabled because Multiple Active Result Sets (MARS) is enabled. If 'SaveChanges' fails, then the transaction cannot be automatically rolled back to a known clean state. Instead, the transaction should be rolled back by the application before retrying 'SaveChanges'. See https://go.microsoft.com/fwlink/?linkid=2149338 for more information and examples. To identify the code which triggers this warning, call 'ConfigureWarnings(w => w.Throw(SqlServerEventId.SavepointsDisabledBecauseOfMARS))'.
info: Microsoft.EntityFrameworkCore.Database.Command[20101]
      Executed DbCommand (139ms) [Parameters=[@p0='?' (DbType = Int32), @p1='?' (DbType = Int32), @p21='?' (DbType = Int32), @p2='?' (DbType = Int32), @p3='?' (DbType = Int32), @p4='?' (Size = 4000), @p22='?' (Size = 4000), @p5='?' (DbType = DateTime2), @p6='?' (Size = 150), @p7='?' (DbType = Boolean), @p8='?' (Size = 100), @p9='?' (DbType = Boolean), @p10='?' (DbType = Boolean), @p11='?' (DbType = DateTimeOffset), @p12='?' (Size = 256), @p13='?' (Size = 256), @p14='?' (Size = 4000), @p15='?' (Size = 4000), @p16='?' (DbType = Boolean), @p17='?' (Size = 20), @p18='?' (Size = 4000), @p19='?' (DbType = Boolean), @p20='?' (Size = 50)], CommandType='Text', CommandTimeout='30']
      SET NOCOUNT ON;
      INSERT INTO [AspNetUserRoles] ([RoleId], [UserId])
      VALUES (@p0, @p1);
      UPDATE [AspNetUsers] SET [AccessFailedCount] = @p2, [CompanyId] = @p3, [ConcurrencyStamp] = @p4, [CreatedDate] = @p5, [Email] = @p6, [EmailConfirmed] = @p7, [FullName] = @p8, [IsActive] = @p9, [LockoutEnabled] = @p10, [LockoutEnd] = @p11, [NormalizedEmail] = @p12, [NormalizedUserName] = @p13, [PasswordHash] = @p14, [PhoneNumber] = @p15, [PhoneNumberConfirmed] = @p16, [Role] = @p17, [SecurityStamp] = @p18, [TwoFactorEnabled] = @p19, [Username] = @p20
      OUTPUT 1
      WHERE [Id] = @p21 AND [ConcurrencyStamp] = @p22;
warn: Microsoft.EntityFrameworkCore.Database.Transaction[30004]
      Savepoints are disabled because Multiple Active Result Sets (MARS) is enabled. If 'SaveChanges' fails, then the transaction cannot be automatically rolled back to a known clean state. Instead, the transaction should be rolled back by the application before retrying 'SaveChanges'. See https://go.microsoft.com/fwlink/?linkid=2149338 for more information and examples. To identify the code which triggers this warning, call 'ConfigureWarnings(w => w.Throw(SqlServerEventId.SavepointsDisabledBecauseOfMARS))'.
info: Microsoft.EntityFrameworkCore.Database.Command[20101]
      Executed DbCommand (133ms) [Parameters=[@p0='?' (DbType = Int32), @p1='?' (Size = 100), @p2='?' (Size = 500), @p3='?' (Size = 50), @p4='?' (Size = 20), @p5='?' (DbType = DateTime2), @p6='?' (DbType = Int32)], CommandType='Text', CommandTimeout='30']
      SET IMPLICIT_TRANSACTIONS OFF;
      SET NOCOUNT ON;
      INSERT INTO [Logs] ([CompanyId], [IpAddress], [Islem], [KullaniciAdi], [Rol], [Tarih], [UserId])
      OUTPUT INSERTED.[Id]
      VALUES (@p0, @p1, @p2, @p3, @p4, @p5, @p6);
info: Microsoft.EntityFrameworkCore.Database.Command[20101]
      Executed DbCommand (126ms) [Parameters=[@__username_0='?' (Size = 50)], CommandType='Text', CommandTimeout='30']
      SELECT TOP(1) [a].[Id], [a].[AccessFailedCount], [a].[CompanyId], [a].[ConcurrencyStamp], [a].[CreatedDate], [a].[Email], [a].[EmailConfirmed], [a].[FullName], [a].[IsActive], [a].[LockoutEnabled], [a].[LockoutEnd], [a].[NormalizedEmail], [a].[NormalizedUserName], [a].[PasswordHash], [a].[PhoneNumber], [a].[PhoneNumberConfirmed], [a].[Role], [a].[SecurityStamp], [a].[TwoFactorEnabled], [a].[Username], [c].[Id], [c].[CompanyCode], [c].[CompanyName], [c].[CreatedDate], [c].[PlanType]
      FROM [AspNetUsers] AS [a]
      INNER JOIN [Companies] AS [c] ON [a].[CompanyId] = [c].[Id]
      WHERE [a].[Username] = @__username_0
info: Microsoft.EntityFrameworkCore.Database.Command[20101]
      Executed DbCommand (84ms) [Parameters=[@__user_Id_0='?' (DbType = Int32)], CommandType='Text', CommandTimeout='30']
      SELECT [a].[Id], [a].[ClaimType], [a].[ClaimValue], [a].[UserId]
      FROM [AspNetUserClaims] AS [a]
      WHERE [a].[UserId] = @__user_Id_0
info: Microsoft.EntityFrameworkCore.Database.Command[20101]
      Executed DbCommand (210ms) [Parameters=[@__userId_0='?' (DbType = Int32)], CommandType='Text', CommandTimeout='30']
      SELECT [a0].[Name]
      FROM [AspNetUserRoles] AS [a]
      INNER JOIN [AspNetRoles] AS [a0] ON [a].[RoleId] = [a0].[Id]
      WHERE [a].[UserId] = @__userId_0
info: Microsoft.EntityFrameworkCore.Database.Command[20101]
      Executed DbCommand (104ms) [Parameters=[@__normalizedName_0='?' (Size = 256)], CommandType='Text', CommandTimeout='30']
      SELECT TOP(1) [a].[Id], [a].[ConcurrencyStamp], [a].[Name], [a].[NormalizedName]
      FROM [AspNetRoles] AS [a]
      WHERE [a].[NormalizedName] = @__normalizedName_0
info: Microsoft.EntityFrameworkCore.Database.Command[20101]
      Executed DbCommand (120ms) [Parameters=[@__role_Id_0='?' (DbType = Int32)], CommandType='Text', CommandTimeout='30']
      SELECT [a].[ClaimType], [a].[ClaimValue]
      FROM [AspNetRoleClaims] AS [a]
      WHERE [a].[RoleId] = @__role_Id_0
info: Microsoft.EntityFrameworkCore.Database.Command[20101]
      Executed DbCommand (456ms) [Parameters=[@p0='?' (DbType = Int32), @p1='?' (Size = 100), @p2='?' (Size = 500), @p3='?' (Size = 50), @p4='?' (Size = 20), @p5='?' (DbType = DateTime2), @p6='?' (DbType = Int32)], CommandType='Text', CommandTimeout='30']
      SET IMPLICIT_TRANSACTIONS OFF;
      SET NOCOUNT ON;
      INSERT INTO [Logs] ([CompanyId], [IpAddress], [Islem], [KullaniciAdi], [Rol], [Tarih], [UserId])
      OUTPUT INSERTED.[Id]
      VALUES (@p0, @p1, @p2, @p3, @p4, @p5, @p6);
info: Microsoft.EntityFrameworkCore.Database.Command[20101]
      Executed DbCommand (163ms) [Parameters=[@__ef_filter__p_0='?' (DbType = Boolean), @__ef_filter__CurrentCompanyId_1='?' (DbType = Int32)], CommandType='Text', CommandTimeout='30']
      SELECT COUNT(*)
      FROM [Products] AS [p]
      WHERE @__ef_filter__p_0 = CAST(1 AS bit) AND [p].[CompanyId] = @__ef_filter__CurrentCompanyId_1 AND [p].[IsActive] = CAST(1 AS bit)
info: Microsoft.EntityFrameworkCore.Database.Command[20101]
      Executed DbCommand (121ms) [Parameters=[@__ef_filter__p_0='?' (DbType = Boolean), @__ef_filter__CurrentCompanyId_1='?' (DbType = Int32)], CommandType='Text', CommandTimeout='30']
      SELECT COUNT(*)
      FROM [Kategoriler] AS [k]
      WHERE @__ef_filter__p_0 = CAST(1 AS bit) AND [k].[CompanyId] = @__ef_filter__CurrentCompanyId_1
info: Microsoft.EntityFrameworkCore.Database.Command[20101]
      Executed DbCommand (153ms) [Parameters=[@__ef_filter__p_0='?' (DbType = Boolean), @__ef_filter__CurrentCompanyId_1='?' (DbType = Int32)], CommandType='Text', CommandTimeout='30']
      SELECT COUNT(*)
      FROM [Products] AS [p]
      WHERE @__ef_filter__p_0 = CAST(1 AS bit) AND [p].[CompanyId] = @__ef_filter__CurrentCompanyId_1 AND [p].[IsActive] = CAST(1 AS bit) AND COALESCE([p].[Stock], 0) <= [p].[CriticalStock]
info: Microsoft.EntityFrameworkCore.Database.Command[20101]
      Executed DbCommand (152ms) [Parameters=[@__ef_filter__p_0='?' (DbType = Boolean), @__ef_filter__CurrentCompanyId_1='?' (DbType = Int32)], CommandType='Text', CommandTimeout='30']
      SELECT COALESCE(SUM(COALESCE([p].[Price], 0.0) * CAST(COALESCE([p].[Stock], 0) AS decimal(18,2))), 0.0)
      FROM [Products] AS [p]
      WHERE @__ef_filter__p_0 = CAST(1 AS bit) AND [p].[CompanyId] = @__ef_filter__CurrentCompanyId_1 AND [p].[IsActive] = CAST(1 AS bit)
info: Microsoft.EntityFrameworkCore.Database.Command[20101]
      Executed DbCommand (118ms) [Parameters=[@__p_0='?' (DbType = Int32), @__ef_filter__p_0='?' (DbType = Boolean), @__ef_filter__CurrentCompanyId_1='?' (DbType = Int32)], CommandType='Text', CommandTimeout='30']
      SELECT TOP(@__p_0) [l].[Id], [l].[CompanyId], [l].[IpAddress], [l].[Islem], [l].[KullaniciAdi], [l].[Rol], [l].[Tarih], [l].[UserId]
      FROM [Logs] AS [l]
      WHERE @__ef_filter__p_0 = CAST(1 AS bit) AND [l].[CompanyId] = @__ef_filter__CurrentCompanyId_1
      ORDER BY [l].[Tarih] DESC
info: Microsoft.EntityFrameworkCore.Database.Command[20101]
      Executed DbCommand (110ms) [Parameters=[@__companyId_0='?' (DbType = Int32)], CommandType='Text', CommandTimeout='30']
      SELECT TOP(1) [c].[Id], [c].[CompanyCode], [c].[CompanyName], [c].[CreatedDate], [c].[PlanType]
      FROM [Companies] AS [c]
      WHERE [c].[Id] = @__companyId_0
info: Microsoft.EntityFrameworkCore.Database.Command[20101]
      Executed DbCommand (114ms) [Parameters=[@__companyId_0='?' (DbType = Int32)], CommandType='Text', CommandTimeout='30']
      SELECT TOP(1) [c].[Id], [c].[CompanyCode], [c].[CompanyName], [c].[CreatedDate], [c].[PlanType]
      FROM [Companies] AS [c]
      WHERE [c].[Id] = @__companyId_0
info: Microsoft.EntityFrameworkCore.Database.Command[20101]
      Executed DbCommand (438ms) [Parameters=[@__companyId_0='?' (DbType = Int32)], CommandType='Text', CommandTimeout='30']
      SELECT [a].[Id], [a].[AccessFailedCount], [a].[CompanyId], [a].[ConcurrencyStamp], [a].[CreatedDate], [a].[Email], [a].[EmailConfirmed], [a].[FullName], [a].[IsActive], [a].[LockoutEnabled], [a].[LockoutEnd], [a].[NormalizedEmail], [a].[NormalizedUserName], [a].[PasswordHash], [a].[PhoneNumber], [a].[PhoneNumberConfirmed], [a].[Role], [a].[SecurityStamp], [a].[TwoFactorEnabled], [a].[Username]
      FROM [AspNetUsers] AS [a]
      WHERE [a].[CompanyId] = @__companyId_0 AND [a].[IsActive] = CAST(1 AS bit)
      ORDER BY [a].[Id] DESC
info: Microsoft.EntityFrameworkCore.Database.Command[20101]
      Executed DbCommand (416ms) [Parameters=[@__ef_filter__p_0='?' (DbType = Boolean), @__ef_filter__CurrentCompanyId_1='?' (DbType = Int32)], CommandType='Text', CommandTimeout='30']
      SELECT COUNT(*)
      FROM [Products] AS [p]
      WHERE @__ef_filter__p_0 = CAST(1 AS bit) AND [p].[CompanyId] = @__ef_filter__CurrentCompanyId_1
info: Microsoft.EntityFrameworkCore.Database.Command[20101]
      Executed DbCommand (136ms) [Parameters=[@__ef_filter__p_0='?' (DbType = Boolean), @__ef_filter__CurrentCompanyId_1='?' (DbType = Int32)], CommandType='Text', CommandTimeout='30']
      SELECT COUNT(*)
      FROM [Kategoriler] AS [k]
      WHERE @__ef_filter__p_0 = CAST(1 AS bit) AND [k].[CompanyId] = @__ef_filter__CurrentCompanyId_1
info: Microsoft.EntityFrameworkCore.Database.Command[20101]
      Executed DbCommand (128ms) [Parameters=[@__ef_filter__p_0='?' (DbType = Boolean), @__ef_filter__CurrentCompanyId_1='?' (DbType = Int32), @__ToLower_0='?' (Size = 100)], CommandType='Text', CommandTimeout='30']
      SELECT CASE
          WHEN EXISTS (
              SELECT 1
              FROM [Kategoriler] AS [k]
              WHERE @__ef_filter__p_0 = CAST(1 AS bit) AND [k].[CompanyId] = @__ef_filter__CurrentCompanyId_1 AND LOWER([k].[KategoriAd]) = @__ToLower_0) THEN CAST(1 AS bit)
          ELSE CAST(0 AS bit)
      END
info: Microsoft.EntityFrameworkCore.Database.Command[20101]
      Executed DbCommand (165ms) [Parameters=[@p0='?' (Size = 500), @p1='?' (DbType = Int32), @p2='?' (DbType = DateTime2), @p3='?' (DbType = Boolean), @p4='?' (Size = 100), @p5='?' (DbType = Int32), @p6='?' (Size = 100), @p7='?' (Size = 500), @p8='?' (Size = 50), @p9='?' (Size = 20), @p10='?' (DbType = DateTime2), @p11='?' (DbType = Int32)], CommandType='Text', CommandTimeout='30']
      SET NOCOUNT ON;
      INSERT INTO [Kategoriler] ([Aciklama], [CompanyId], [CreatedDate], [IsActive], [KategoriAd])
      OUTPUT INSERTED.[Id]
      VALUES (@p0, @p1, @p2, @p3, @p4);
      INSERT INTO [Logs] ([CompanyId], [IpAddress], [Islem], [KullaniciAdi], [Rol], [Tarih], [UserId])
      OUTPUT INSERTED.[Id]
      VALUES (@p5, @p6, @p7, @p8, @p9, @p10, @p11);
info: Microsoft.EntityFrameworkCore.Database.Command[20101]
      Executed DbCommand (199ms) [Parameters=[@__ef_filter__p_0='?' (DbType = Boolean), @__ef_filter__CurrentCompanyId_1='?' (DbType = Int32)], CommandType='Text', CommandTimeout='30']
      SELECT [k].[Id], [k].[Aciklama], [k].[CompanyId], [k].[CreatedDate], [k].[IsActive], [k].[KategoriAd]
      FROM [Kategoriler] AS [k]
      WHERE @__ef_filter__p_0 = CAST(1 AS bit) AND [k].[CompanyId] = @__ef_filter__CurrentCompanyId_1
      ORDER BY [k].[KategoriAd]
info: Microsoft.EntityFrameworkCore.Database.Command[20101]
      Executed DbCommand (197ms) [Parameters=[@p0='?' (DbType = Int32), @p1='?' (Size = 100), @p2='?' (Size = 500), @p3='?' (Size = 50), @p4='?' (Size = 20), @p5='?' (DbType = DateTime2), @p6='?' (DbType = Int32), @p7='?' (DbType = Int32), @p8='?' (DbType = Int32), @p9='?' (DbType = DateTime2), @p10='?' (DbType = Int32), @p11='?' (DbType = Boolean), @p12='?' (DbType = Int32), @p13='?' (Size = 150), @p14='?' (Precision = 18) (Scale = 2) (DbType = Decimal), @p15='?' (DbType = Int32), @p16='?' (Size = 50), @p17='?' (DbType = Int32)], CommandType='Text', CommandTimeout='30']
      SET NOCOUNT ON;
      INSERT INTO [Logs] ([CompanyId], [IpAddress], [Islem], [KullaniciAdi], [Rol], [Tarih], [UserId])
      OUTPUT INSERTED.[Id]
      VALUES (@p0, @p1, @p2, @p3, @p4, @p5, @p6);
      INSERT INTO [Products] ([CompanyId], [CreatedByUserId], [CreatedDate], [CriticalStock], [IsActive], [KategoriId], [Name], [Price], [Stock], [StockType], [UserId])
      OUTPUT INSERTED.[Id]
      VALUES (@p7, @p8, @p9, @p10, @p11, @p12, @p13, @p14, @p15, @p16, @p17);
info: Microsoft.EntityFrameworkCore.Database.Command[20101]
      Executed DbCommand (189ms) [Parameters=[@__ef_filter__p_0='?' (DbType = Boolean), @__ef_filter__CurrentCompanyId_1='?' (DbType = Int32)], CommandType='Text', CommandTimeout='30']
      SELECT [k].[Id], [k].[Aciklama], [k].[CompanyId], [k].[CreatedDate], [k].[IsActive], [k].[KategoriAd]
      FROM [Kategoriler] AS [k]
      WHERE @__ef_filter__p_0 = CAST(1 AS bit) AND [k].[CompanyId] = @__ef_filter__CurrentCompanyId_1
      ORDER BY [k].[KategoriAd]
info: Microsoft.EntityFrameworkCore.Database.Command[20101]
      Executed DbCommand (465ms) [Parameters=[@__ef_filter__p_0='?' (DbType = Boolean), @__ef_filter__CurrentCompanyId_1='?' (DbType = Int32)], CommandType='Text', CommandTimeout='30']
      SELECT [p].[Id], [p].[CompanyId], [p].[CreatedByUserId], [p].[CreatedDate], [p].[CriticalStock], [p].[IsActive], [p].[KategoriId], [p].[Name], [p].[Price], [p].[Stock], [p].[StockType], [p].[UserId], [t].[Id], [t].[Aciklama], [t].[CompanyId], [t].[CreatedDate], [t].[IsActive], [t].[KategoriAd]
      FROM [Products] AS [p]
      LEFT JOIN (
          SELECT [k].[Id], [k].[Aciklama], [k].[CompanyId], [k].[CreatedDate], [k].[IsActive], [k].[KategoriAd]
          FROM [Kategoriler] AS [k]
          WHERE @__ef_filter__p_0 = CAST(1 AS bit) AND [k].[CompanyId] = @__ef_filter__CurrentCompanyId_1
      ) AS [t] ON [p].[KategoriId] = [t].[Id]
      WHERE @__ef_filter__p_0 = CAST(1 AS bit) AND [p].[CompanyId] = @__ef_filter__CurrentCompanyId_1 AND [p].[IsActive] = CAST(1 AS bit)
      ORDER BY [p].[CreatedDate] DESC
info: Microsoft.EntityFrameworkCore.Database.Command[20101]
      Executed DbCommand (132ms) [Parameters=[@__ToLower_0='?' (Size = 50)], CommandType='Text', CommandTimeout='30']
      SELECT CASE
          WHEN EXISTS (
              SELECT 1
              FROM [AspNetUsers] AS [a]
              WHERE LOWER([a].[Username]) = @__ToLower_0) THEN CAST(1 AS bit)
          ELSE CAST(0 AS bit)
      END
info: Microsoft.EntityFrameworkCore.Database.Command[20101]
      Executed DbCommand (165ms) [Parameters=[@__ToLower_0='?' (Size = 150)], CommandType='Text', CommandTimeout='30']
      SELECT CASE
          WHEN EXISTS (
              SELECT 1
              FROM [AspNetUsers] AS [a]
              WHERE [a].[Email] IS NOT NULL AND LOWER([a].[Email]) = @__ToLower_0) THEN CAST(1 AS bit)
          ELSE CAST(0 AS bit)
      END
warn: Microsoft.EntityFrameworkCore.Database.Transaction[30004]
      Savepoints are disabled because Multiple Active Result Sets (MARS) is enabled. If 'SaveChanges' fails, then the transaction cannot be automatically rolled back to a known clean state. Instead, the transaction should be rolled back by the application before retrying 'SaveChanges'. See https://go.microsoft.com/fwlink/?linkid=2149338 for more information and examples. To identify the code which triggers this warning, call 'ConfigureWarnings(w => w.Throw(SqlServerEventId.SavepointsDisabledBecauseOfMARS))'.
info: Microsoft.EntityFrameworkCore.Database.Command[20101]
      Executed DbCommand (130ms) [Parameters=[@p0='?' (Size = 20), @p1='?' (Size = 150), @p2='?' (DbType = DateTime2), @p3='?' (Size = 20)], CommandType='Text', CommandTimeout='30']
      SET IMPLICIT_TRANSACTIONS OFF;
      SET NOCOUNT ON;
      INSERT INTO [Companies] ([CompanyCode], [CompanyName], [CreatedDate], [PlanType])
      OUTPUT INSERTED.[Id]
      VALUES (@p0, @p1, @p2, @p3);
info: Microsoft.EntityFrameworkCore.Database.Command[20101]
      Executed DbCommand (103ms) [Parameters=[@__normalizedUserName_0='?' (Size = 256)], CommandType='Text', CommandTimeout='30']
      SELECT TOP(1) [a].[Id], [a].[AccessFailedCount], [a].[CompanyId], [a].[ConcurrencyStamp], [a].[CreatedDate], [a].[Email], [a].[EmailConfirmed], [a].[FullName], [a].[IsActive], [a].[LockoutEnabled], [a].[LockoutEnd], [a].[NormalizedEmail], [a].[NormalizedUserName], [a].[PasswordHash], [a].[PhoneNumber], [a].[PhoneNumberConfirmed], [a].[Role], [a].[SecurityStamp], [a].[TwoFactorEnabled], [a].[Username]
      FROM [AspNetUsers] AS [a]
      WHERE [a].[NormalizedUserName] = @__normalizedUserName_0
info: Microsoft.EntityFrameworkCore.Database.Command[20101]
      Executed DbCommand (127ms) [Parameters=[@__normalizedEmail_0='?' (Size = 256)], CommandType='Text', CommandTimeout='30']
      SELECT TOP(2) [a].[Id], [a].[AccessFailedCount], [a].[CompanyId], [a].[ConcurrencyStamp], [a].[CreatedDate], [a].[Email], [a].[EmailConfirmed], [a].[FullName], [a].[IsActive], [a].[LockoutEnabled], [a].[LockoutEnd], [a].[NormalizedEmail], [a].[NormalizedUserName], [a].[PasswordHash], [a].[PhoneNumber], [a].[PhoneNumberConfirmed], [a].[Role], [a].[SecurityStamp], [a].[TwoFactorEnabled], [a].[Username]
      FROM [AspNetUsers] AS [a]
      WHERE [a].[NormalizedEmail] = @__normalizedEmail_0
warn: Microsoft.EntityFrameworkCore.Database.Transaction[30004]
      Savepoints are disabled because Multiple Active Result Sets (MARS) is enabled. If 'SaveChanges' fails, then the transaction cannot be automatically rolled back to a known clean state. Instead, the transaction should be rolled back by the application before retrying 'SaveChanges'. See https://go.microsoft.com/fwlink/?linkid=2149338 for more information and examples. To identify the code which triggers this warning, call 'ConfigureWarnings(w => w.Throw(SqlServerEventId.SavepointsDisabledBecauseOfMARS))'.
info: Microsoft.EntityFrameworkCore.Database.Command[20101]
      Executed DbCommand (156ms) [Parameters=[@p0='?' (DbType = Int32), @p1='?' (DbType = Int32), @p2='?' (Size = 4000), @p3='?' (DbType = DateTime2), @p4='?' (Size = 150), @p5='?' (DbType = Boolean), @p6='?' (Size = 100), @p7='?' (DbType = Boolean), @p8='?' (DbType = Boolean), @p9='?' (DbType = DateTimeOffset), @p10='?' (Size = 256), @p11='?' (Size = 256), @p12='?' (Size = 4000), @p13='?' (Size = 4000), @p14='?' (DbType = Boolean), @p15='?' (Size = 20), @p16='?' (Size = 4000), @p17='?' (DbType = Boolean), @p18='?' (Size = 50)], CommandType='Text', CommandTimeout='30']
      SET IMPLICIT_TRANSACTIONS OFF;
      SET NOCOUNT ON;
      INSERT INTO [AspNetUsers] ([AccessFailedCount], [CompanyId], [ConcurrencyStamp], [CreatedDate], [Email], [EmailConfirmed], [FullName], [IsActive], [LockoutEnabled], [LockoutEnd], [NormalizedEmail], [NormalizedUserName], [PasswordHash], [PhoneNumber], [PhoneNumberConfirmed], [Role], [SecurityStamp], [TwoFactorEnabled], [Username])
      OUTPUT INSERTED.[Id]
      VALUES (@p0, @p1, @p2, @p3, @p4, @p5, @p6, @p7, @p8, @p9, @p10, @p11, @p12, @p13, @p14, @p15, @p16, @p17, @p18);
info: Microsoft.EntityFrameworkCore.Database.Command[20101]
      Executed DbCommand (94ms) [Parameters=[@__normalizedRoleName_0='?' (Size = 256)], CommandType='Text', CommandTimeout='30']
      SELECT TOP(2) [a].[Id], [a].[ConcurrencyStamp], [a].[Name], [a].[NormalizedName]
      FROM [AspNetRoles] AS [a]
      WHERE [a].[NormalizedName] = @__normalizedRoleName_0
info: Microsoft.EntityFrameworkCore.Database.Command[20101]
      Executed DbCommand (97ms) [Parameters=[@__p_0='?' (DbType = Int32), @__p_1='?' (DbType = Int32)], CommandType='Text', CommandTimeout='30']
      SELECT TOP(1) [a].[UserId], [a].[RoleId]
      FROM [AspNetUserRoles] AS [a]
      WHERE [a].[UserId] = @__p_0 AND [a].[RoleId] = @__p_1
info: Microsoft.EntityFrameworkCore.Database.Command[20101]
      Executed DbCommand (97ms) [Parameters=[@__normalizedRoleName_0='?' (Size = 256)], CommandType='Text', CommandTimeout='30']
      SELECT TOP(2) [a].[Id], [a].[ConcurrencyStamp], [a].[Name], [a].[NormalizedName]
      FROM [AspNetRoles] AS [a]
      WHERE [a].[NormalizedName] = @__normalizedRoleName_0
info: Microsoft.EntityFrameworkCore.Database.Command[20101]
      Executed DbCommand (105ms) [Parameters=[@__normalizedUserName_0='?' (Size = 256)], CommandType='Text', CommandTimeout='30']
      SELECT TOP(1) [a].[Id], [a].[AccessFailedCount], [a].[CompanyId], [a].[ConcurrencyStamp], [a].[CreatedDate], [a].[Email], [a].[EmailConfirmed], [a].[FullName], [a].[IsActive], [a].[LockoutEnabled], [a].[LockoutEnd], [a].[NormalizedEmail], [a].[NormalizedUserName], [a].[PasswordHash], [a].[PhoneNumber], [a].[PhoneNumberConfirmed], [a].[Role], [a].[SecurityStamp], [a].[TwoFactorEnabled], [a].[Username]
      FROM [AspNetUsers] AS [a]
      WHERE [a].[NormalizedUserName] = @__normalizedUserName_0
info: Microsoft.EntityFrameworkCore.Database.Command[20101]
      Executed DbCommand (107ms) [Parameters=[@__normalizedEmail_0='?' (Size = 256)], CommandType='Text', CommandTimeout='30']
      SELECT TOP(2) [a].[Id], [a].[AccessFailedCount], [a].[CompanyId], [a].[ConcurrencyStamp], [a].[CreatedDate], [a].[Email], [a].[EmailConfirmed], [a].[FullName], [a].[IsActive], [a].[LockoutEnabled], [a].[LockoutEnd], [a].[NormalizedEmail], [a].[NormalizedUserName], [a].[PasswordHash], [a].[PhoneNumber], [a].[PhoneNumberConfirmed], [a].[Role], [a].[SecurityStamp], [a].[TwoFactorEnabled], [a].[Username]
      FROM [AspNetUsers] AS [a]
      WHERE [a].[NormalizedEmail] = @__normalizedEmail_0
warn: Microsoft.EntityFrameworkCore.Database.Transaction[30004]
      Savepoints are disabled because Multiple Active Result Sets (MARS) is enabled. If 'SaveChanges' fails, then the transaction cannot be automatically rolled back to a known clean state. Instead, the transaction should be rolled back by the application before retrying 'SaveChanges'. See https://go.microsoft.com/fwlink/?linkid=2149338 for more information and examples. To identify the code which triggers this warning, call 'ConfigureWarnings(w => w.Throw(SqlServerEventId.SavepointsDisabledBecauseOfMARS))'.
info: Microsoft.EntityFrameworkCore.Database.Command[20101]
      Executed DbCommand (172ms) [Parameters=[@p0='?' (DbType = Int32), @p1='?' (DbType = Int32), @p21='?' (DbType = Int32), @p2='?' (DbType = Int32), @p3='?' (DbType = Int32), @p4='?' (Size = 4000), @p22='?' (Size = 4000), @p5='?' (DbType = DateTime2), @p6='?' (Size = 150), @p7='?' (DbType = Boolean), @p8='?' (Size = 100), @p9='?' (DbType = Boolean), @p10='?' (DbType = Boolean), @p11='?' (DbType = DateTimeOffset), @p12='?' (Size = 256), @p13='?' (Size = 256), @p14='?' (Size = 4000), @p15='?' (Size = 4000), @p16='?' (DbType = Boolean), @p17='?' (Size = 20), @p18='?' (Size = 4000), @p19='?' (DbType = Boolean), @p20='?' (Size = 50)], CommandType='Text', CommandTimeout='30']
      SET NOCOUNT ON;
      INSERT INTO [AspNetUserRoles] ([RoleId], [UserId])
      VALUES (@p0, @p1);
      UPDATE [AspNetUsers] SET [AccessFailedCount] = @p2, [CompanyId] = @p3, [ConcurrencyStamp] = @p4, [CreatedDate] = @p5, [Email] = @p6, [EmailConfirmed] = @p7, [FullName] = @p8, [IsActive] = @p9, [LockoutEnabled] = @p10, [LockoutEnd] = @p11, [NormalizedEmail] = @p12, [NormalizedUserName] = @p13, [PasswordHash] = @p14, [PhoneNumber] = @p15, [PhoneNumberConfirmed] = @p16, [Role] = @p17, [SecurityStamp] = @p18, [TwoFactorEnabled] = @p19, [Username] = @p20
      OUTPUT 1
      WHERE [Id] = @p21 AND [ConcurrencyStamp] = @p22;
warn: Microsoft.EntityFrameworkCore.Database.Transaction[30004]
      Savepoints are disabled because Multiple Active Result Sets (MARS) is enabled. If 'SaveChanges' fails, then the transaction cannot be automatically rolled back to a known clean state. Instead, the transaction should be rolled back by the application before retrying 'SaveChanges'. See https://go.microsoft.com/fwlink/?linkid=2149338 for more information and examples. To identify the code which triggers this warning, call 'ConfigureWarnings(w => w.Throw(SqlServerEventId.SavepointsDisabledBecauseOfMARS))'.
info: Microsoft.EntityFrameworkCore.Database.Command[20101]
      Executed DbCommand (108ms) [Parameters=[@p0='?' (DbType = Int32), @p1='?' (Size = 100), @p2='?' (Size = 500), @p3='?' (Size = 50), @p4='?' (Size = 20), @p5='?' (DbType = DateTime2), @p6='?' (DbType = Int32)], CommandType='Text', CommandTimeout='30']
      SET IMPLICIT_TRANSACTIONS OFF;
      SET NOCOUNT ON;
      INSERT INTO [Logs] ([CompanyId], [IpAddress], [Islem], [KullaniciAdi], [Rol], [Tarih], [UserId])
      OUTPUT INSERTED.[Id]
      VALUES (@p0, @p1, @p2, @p3, @p4, @p5, @p6);
info: Microsoft.EntityFrameworkCore.Database.Command[20101]
      Executed DbCommand (202ms) [Parameters=[@__username_0='?' (Size = 50)], CommandType='Text', CommandTimeout='30']
      SELECT TOP(1) [a].[Id], [a].[AccessFailedCount], [a].[CompanyId], [a].[ConcurrencyStamp], [a].[CreatedDate], [a].[Email], [a].[EmailConfirmed], [a].[FullName], [a].[IsActive], [a].[LockoutEnabled], [a].[LockoutEnd], [a].[NormalizedEmail], [a].[NormalizedUserName], [a].[PasswordHash], [a].[PhoneNumber], [a].[PhoneNumberConfirmed], [a].[Role], [a].[SecurityStamp], [a].[TwoFactorEnabled], [a].[Username], [c].[Id], [c].[CompanyCode], [c].[CompanyName], [c].[CreatedDate], [c].[PlanType]
      FROM [AspNetUsers] AS [a]
      INNER JOIN [Companies] AS [c] ON [a].[CompanyId] = [c].[Id]
      WHERE [a].[Username] = @__username_0
info: Microsoft.EntityFrameworkCore.Database.Command[20101]
      Executed DbCommand (141ms) [Parameters=[@__user_Id_0='?' (DbType = Int32)], CommandType='Text', CommandTimeout='30']
      SELECT [a].[Id], [a].[ClaimType], [a].[ClaimValue], [a].[UserId]
      FROM [AspNetUserClaims] AS [a]
      WHERE [a].[UserId] = @__user_Id_0
info: Microsoft.EntityFrameworkCore.Database.Command[20101]
      Executed DbCommand (123ms) [Parameters=[@__userId_0='?' (DbType = Int32)], CommandType='Text', CommandTimeout='30']
      SELECT [a0].[Name]
      FROM [AspNetUserRoles] AS [a]
      INNER JOIN [AspNetRoles] AS [a0] ON [a].[RoleId] = [a0].[Id]
      WHERE [a].[UserId] = @__userId_0
info: Microsoft.EntityFrameworkCore.Database.Command[20101]
      Executed DbCommand (187ms) [Parameters=[@__normalizedName_0='?' (Size = 256)], CommandType='Text', CommandTimeout='30']
      SELECT TOP(1) [a].[Id], [a].[ConcurrencyStamp], [a].[Name], [a].[NormalizedName]
      FROM [AspNetRoles] AS [a]
      WHERE [a].[NormalizedName] = @__normalizedName_0
info: Microsoft.EntityFrameworkCore.Database.Command[20101]
      Executed DbCommand (115ms) [Parameters=[@__role_Id_0='?' (DbType = Int32)], CommandType='Text', CommandTimeout='30']
      SELECT [a].[ClaimType], [a].[ClaimValue]
      FROM [AspNetRoleClaims] AS [a]
      WHERE [a].[RoleId] = @__role_Id_0
info: Microsoft.EntityFrameworkCore.Database.Command[20101]
      Executed DbCommand (188ms) [Parameters=[@p0='?' (DbType = Int32), @p1='?' (Size = 100), @p2='?' (Size = 500), @p3='?' (Size = 50), @p4='?' (Size = 20), @p5='?' (DbType = DateTime2), @p6='?' (DbType = Int32)], CommandType='Text', CommandTimeout='30']
      SET IMPLICIT_TRANSACTIONS OFF;
      SET NOCOUNT ON;
      INSERT INTO [Logs] ([CompanyId], [IpAddress], [Islem], [KullaniciAdi], [Rol], [Tarih], [UserId])
      OUTPUT INSERTED.[Id]
      VALUES (@p0, @p1, @p2, @p3, @p4, @p5, @p6);
info: Microsoft.EntityFrameworkCore.Database.Command[20101]
      Executed DbCommand (111ms) [Parameters=[@__companyId_0='?' (DbType = Int32)], CommandType='Text', CommandTimeout='30']
      SELECT TOP(1) [c].[Id], [c].[CompanyCode], [c].[CompanyName], [c].[CreatedDate], [c].[PlanType]
      FROM [Companies] AS [c]
      WHERE [c].[Id] = @__companyId_0
info: Microsoft.EntityFrameworkCore.Database.Command[20101]
      Executed DbCommand (254ms) [Parameters=[@__companyId_0='?' (DbType = Int32)], CommandType='Text', CommandTimeout='30']
      SELECT [a].[Id], [a].[AccessFailedCount], [a].[CompanyId], [a].[ConcurrencyStamp], [a].[CreatedDate], [a].[Email], [a].[EmailConfirmed], [a].[FullName], [a].[IsActive], [a].[LockoutEnabled], [a].[LockoutEnd], [a].[NormalizedEmail], [a].[NormalizedUserName], [a].[PasswordHash], [a].[PhoneNumber], [a].[PhoneNumberConfirmed], [a].[Role], [a].[SecurityStamp], [a].[TwoFactorEnabled], [a].[Username]
      FROM [AspNetUsers] AS [a]
      WHERE [a].[CompanyId] = @__companyId_0 AND [a].[IsActive] = CAST(1 AS bit)
      ORDER BY [a].[Id] DESC
info: Microsoft.EntityFrameworkCore.Database.Command[20101]
      Executed DbCommand (94ms) [Parameters=[@__ef_filter__p_0='?' (DbType = Boolean), @__ef_filter__CurrentCompanyId_1='?' (DbType = Int32)], CommandType='Text', CommandTimeout='30']
      SELECT COUNT(*)
      FROM [Products] AS [p]
      WHERE @__ef_filter__p_0 = CAST(1 AS bit) AND [p].[CompanyId] = @__ef_filter__CurrentCompanyId_1
info: Microsoft.EntityFrameworkCore.Database.Command[20101]
      Executed DbCommand (120ms) [Parameters=[@__ef_filter__p_0='?' (DbType = Boolean), @__ef_filter__CurrentCompanyId_1='?' (DbType = Int32)], CommandType='Text', CommandTimeout='30']
      SELECT COUNT(*)
      FROM [Kategoriler] AS [k]
      WHERE @__ef_filter__p_0 = CAST(1 AS bit) AND [k].[CompanyId] = @__ef_filter__CurrentCompanyId_1
info: Microsoft.EntityFrameworkCore.Database.Command[20101]
      Executed DbCommand (134ms) [Parameters=[@__ToLower_0='?' (Size = 50)], CommandType='Text', CommandTimeout='30']
      SELECT CASE
          WHEN EXISTS (
              SELECT 1
              FROM [AspNetUsers] AS [a]
              WHERE LOWER([a].[Username]) = @__ToLower_0) THEN CAST(1 AS bit)
          ELSE CAST(0 AS bit)
      END
info: Microsoft.EntityFrameworkCore.Database.Command[20101]
      Executed DbCommand (110ms) [Parameters=[@__ToLower_0='?' (Size = 150)], CommandType='Text', CommandTimeout='30']
      SELECT CASE
          WHEN EXISTS (
              SELECT 1
              FROM [AspNetUsers] AS [a]
              WHERE [a].[Email] IS NOT NULL AND LOWER([a].[Email]) = @__ToLower_0) THEN CAST(1 AS bit)
          ELSE CAST(0 AS bit)
      END
info: Microsoft.EntityFrameworkCore.Database.Command[20101]
      Executed DbCommand (806ms) [Parameters=[@__inviteCode_0='?' (Size = 20)], CommandType='Text', CommandTimeout='30']
      SELECT TOP(1) [c].[Id], [c].[CompanyCode], [c].[CompanyName], [c].[CreatedDate], [c].[PlanType]
      FROM [Companies] AS [c]
      WHERE [c].[CompanyCode] = @__inviteCode_0
info: Microsoft.EntityFrameworkCore.Database.Command[20101]
      Executed DbCommand (1,392ms) [Parameters=[@__normalizedUserName_0='?' (Size = 256)], CommandType='Text', CommandTimeout='30']
      SELECT TOP(1) [a].[Id], [a].[AccessFailedCount], [a].[CompanyId], [a].[ConcurrencyStamp], [a].[CreatedDate], [a].[Email], [a].[EmailConfirmed], [a].[FullName], [a].[IsActive], [a].[LockoutEnabled], [a].[LockoutEnd], [a].[NormalizedEmail], [a].[NormalizedUserName], [a].[PasswordHash], [a].[PhoneNumber], [a].[PhoneNumberConfirmed], [a].[Role], [a].[SecurityStamp], [a].[TwoFactorEnabled], [a].[Username]
      FROM [AspNetUsers] AS [a]
      WHERE [a].[NormalizedUserName] = @__normalizedUserName_0
info: Microsoft.EntityFrameworkCore.Database.Command[20101]
      Executed DbCommand (179ms) [Parameters=[@__normalizedEmail_0='?' (Size = 256)], CommandType='Text', CommandTimeout='30']
      SELECT TOP(2) [a].[Id], [a].[AccessFailedCount], [a].[CompanyId], [a].[ConcurrencyStamp], [a].[CreatedDate], [a].[Email], [a].[EmailConfirmed], [a].[FullName], [a].[IsActive], [a].[LockoutEnabled], [a].[LockoutEnd], [a].[NormalizedEmail], [a].[NormalizedUserName], [a].[PasswordHash], [a].[PhoneNumber], [a].[PhoneNumberConfirmed], [a].[Role], [a].[SecurityStamp], [a].[TwoFactorEnabled], [a].[Username]
      FROM [AspNetUsers] AS [a]
      WHERE [a].[NormalizedEmail] = @__normalizedEmail_0
warn: Microsoft.EntityFrameworkCore.Database.Transaction[30004]
      Savepoints are disabled because Multiple Active Result Sets (MARS) is enabled. If 'SaveChanges' fails, then the transaction cannot be automatically rolled back to a known clean state. Instead, the transaction should be rolled back by the application before retrying 'SaveChanges'. See https://go.microsoft.com/fwlink/?linkid=2149338 for more information and examples. To identify the code which triggers this warning, call 'ConfigureWarnings(w => w.Throw(SqlServerEventId.SavepointsDisabledBecauseOfMARS))'.
info: Microsoft.EntityFrameworkCore.Database.Command[20101]
      Executed DbCommand (120ms) [Parameters=[@p0='?' (DbType = Int32), @p1='?' (DbType = Int32), @p2='?' (Size = 4000), @p3='?' (DbType = DateTime2), @p4='?' (Size = 150), @p5='?' (DbType = Boolean), @p6='?' (Size = 100), @p7='?' (DbType = Boolean), @p8='?' (DbType = Boolean), @p9='?' (DbType = DateTimeOffset), @p10='?' (Size = 256), @p11='?' (Size = 256), @p12='?' (Size = 4000), @p13='?' (Size = 4000), @p14='?' (DbType = Boolean), @p15='?' (Size = 20), @p16='?' (Size = 4000), @p17='?' (DbType = Boolean), @p18='?' (Size = 50)], CommandType='Text', CommandTimeout='30']
      SET IMPLICIT_TRANSACTIONS OFF;
      SET NOCOUNT ON;
      INSERT INTO [AspNetUsers] ([AccessFailedCount], [CompanyId], [ConcurrencyStamp], [CreatedDate], [Email], [EmailConfirmed], [FullName], [IsActive], [LockoutEnabled], [LockoutEnd], [NormalizedEmail], [NormalizedUserName], [PasswordHash], [PhoneNumber], [PhoneNumberConfirmed], [Role], [SecurityStamp], [TwoFactorEnabled], [Username])
      OUTPUT INSERTED.[Id]
      VALUES (@p0, @p1, @p2, @p3, @p4, @p5, @p6, @p7, @p8, @p9, @p10, @p11, @p12, @p13, @p14, @p15, @p16, @p17, @p18);
info: Microsoft.EntityFrameworkCore.Database.Command[20101]
      Executed DbCommand (95ms) [Parameters=[@__normalizedRoleName_0='?' (Size = 256)], CommandType='Text', CommandTimeout='30']
      SELECT TOP(2) [a].[Id], [a].[ConcurrencyStamp], [a].[Name], [a].[NormalizedName]
      FROM [AspNetRoles] AS [a]
      WHERE [a].[NormalizedName] = @__normalizedRoleName_0
info: Microsoft.EntityFrameworkCore.Database.Command[20101]
      Executed DbCommand (167ms) [Parameters=[@__p_0='?' (DbType = Int32), @__p_1='?' (DbType = Int32)], CommandType='Text', CommandTimeout='30']
      SELECT TOP(1) [a].[UserId], [a].[RoleId]
      FROM [AspNetUserRoles] AS [a]
      WHERE [a].[UserId] = @__p_0 AND [a].[RoleId] = @__p_1
info: Microsoft.EntityFrameworkCore.Database.Command[20101]
      Executed DbCommand (134ms) [Parameters=[@__normalizedRoleName_0='?' (Size = 256)], CommandType='Text', CommandTimeout='30']
      SELECT TOP(2) [a].[Id], [a].[ConcurrencyStamp], [a].[Name], [a].[NormalizedName]
      FROM [AspNetRoles] AS [a]
      WHERE [a].[NormalizedName] = @__normalizedRoleName_0
info: Microsoft.EntityFrameworkCore.Database.Command[20101]
      Executed DbCommand (198ms) [Parameters=[@__normalizedUserName_0='?' (Size = 256)], CommandType='Text', CommandTimeout='30']
      SELECT TOP(1) [a].[Id], [a].[AccessFailedCount], [a].[CompanyId], [a].[ConcurrencyStamp], [a].[CreatedDate], [a].[Email], [a].[EmailConfirmed], [a].[FullName], [a].[IsActive], [a].[LockoutEnabled], [a].[LockoutEnd], [a].[NormalizedEmail], [a].[NormalizedUserName], [a].[PasswordHash], [a].[PhoneNumber], [a].[PhoneNumberConfirmed], [a].[Role], [a].[SecurityStamp], [a].[TwoFactorEnabled], [a].[Username]
      FROM [AspNetUsers] AS [a]
      WHERE [a].[NormalizedUserName] = @__normalizedUserName_0
info: Microsoft.EntityFrameworkCore.Database.Command[20101]
      Executed DbCommand (139ms) [Parameters=[@__normalizedEmail_0='?' (Size = 256)], CommandType='Text', CommandTimeout='30']
      SELECT TOP(2) [a].[Id], [a].[AccessFailedCount], [a].[CompanyId], [a].[ConcurrencyStamp], [a].[CreatedDate], [a].[Email], [a].[EmailConfirmed], [a].[FullName], [a].[IsActive], [a].[LockoutEnabled], [a].[LockoutEnd], [a].[NormalizedEmail], [a].[NormalizedUserName], [a].[PasswordHash], [a].[PhoneNumber], [a].[PhoneNumberConfirmed], [a].[Role], [a].[SecurityStamp], [a].[TwoFactorEnabled], [a].[Username]
      FROM [AspNetUsers] AS [a]
      WHERE [a].[NormalizedEmail] = @__normalizedEmail_0
warn: Microsoft.EntityFrameworkCore.Database.Transaction[30004]
      Savepoints are disabled because Multiple Active Result Sets (MARS) is enabled. If 'SaveChanges' fails, then the transaction cannot be automatically rolled back to a known clean state. Instead, the transaction should be rolled back by the application before retrying 'SaveChanges'. See https://go.microsoft.com/fwlink/?linkid=2149338 for more information and examples. To identify the code which triggers this warning, call 'ConfigureWarnings(w => w.Throw(SqlServerEventId.SavepointsDisabledBecauseOfMARS))'.
info: Microsoft.EntityFrameworkCore.Database.Command[20101]
      Executed DbCommand (116ms) [Parameters=[@p0='?' (DbType = Int32), @p1='?' (DbType = Int32), @p21='?' (DbType = Int32), @p2='?' (DbType = Int32), @p3='?' (DbType = Int32), @p4='?' (Size = 4000), @p22='?' (Size = 4000), @p5='?' (DbType = DateTime2), @p6='?' (Size = 150), @p7='?' (DbType = Boolean), @p8='?' (Size = 100), @p9='?' (DbType = Boolean), @p10='?' (DbType = Boolean), @p11='?' (DbType = DateTimeOffset), @p12='?' (Size = 256), @p13='?' (Size = 256), @p14='?' (Size = 4000), @p15='?' (Size = 4000), @p16='?' (DbType = Boolean), @p17='?' (Size = 20), @p18='?' (Size = 4000), @p19='?' (DbType = Boolean), @p20='?' (Size = 50)], CommandType='Text', CommandTimeout='30']
      SET NOCOUNT ON;
      INSERT INTO [AspNetUserRoles] ([RoleId], [UserId])
      VALUES (@p0, @p1);
      UPDATE [AspNetUsers] SET [AccessFailedCount] = @p2, [CompanyId] = @p3, [ConcurrencyStamp] = @p4, [CreatedDate] = @p5, [Email] = @p6, [EmailConfirmed] = @p7, [FullName] = @p8, [IsActive] = @p9, [LockoutEnabled] = @p10, [LockoutEnd] = @p11, [NormalizedEmail] = @p12, [NormalizedUserName] = @p13, [PasswordHash] = @p14, [PhoneNumber] = @p15, [PhoneNumberConfirmed] = @p16, [Role] = @p17, [SecurityStamp] = @p18, [TwoFactorEnabled] = @p19, [Username] = @p20
      OUTPUT 1
      WHERE [Id] = @p21 AND [ConcurrencyStamp] = @p22;
warn: Microsoft.EntityFrameworkCore.Database.Transaction[30004]
      Savepoints are disabled because Multiple Active Result Sets (MARS) is enabled. If 'SaveChanges' fails, then the transaction cannot be automatically rolled back to a known clean state. Instead, the transaction should be rolled back by the application before retrying 'SaveChanges'. See https://go.microsoft.com/fwlink/?linkid=2149338 for more information and examples. To identify the code which triggers this warning, call 'ConfigureWarnings(w => w.Throw(SqlServerEventId.SavepointsDisabledBecauseOfMARS))'.
info: Microsoft.EntityFrameworkCore.Database.Command[20101]
      Executed DbCommand (199ms) [Parameters=[@p0='?' (DbType = Int32), @p1='?' (Size = 100), @p2='?' (Size = 500), @p3='?' (Size = 50), @p4='?' (Size = 20), @p5='?' (DbType = DateTime2), @p6='?' (DbType = Int32)], CommandType='Text', CommandTimeout='30']
      SET IMPLICIT_TRANSACTIONS OFF;
      SET NOCOUNT ON;
      INSERT INTO [Logs] ([CompanyId], [IpAddress], [Islem], [KullaniciAdi], [Rol], [Tarih], [UserId])
      OUTPUT INSERTED.[Id]
      VALUES (@p0, @p1, @p2, @p3, @p4, @p5, @p6);
info: Microsoft.EntityFrameworkCore.Database.Command[20101]
      Executed DbCommand (165ms) [Parameters=[@__username_0='?' (Size = 50)], CommandType='Text', CommandTimeout='30']
      SELECT TOP(1) [a].[Id], [a].[AccessFailedCount], [a].[CompanyId], [a].[ConcurrencyStamp], [a].[CreatedDate], [a].[Email], [a].[EmailConfirmed], [a].[FullName], [a].[IsActive], [a].[LockoutEnabled], [a].[LockoutEnd], [a].[NormalizedEmail], [a].[NormalizedUserName], [a].[PasswordHash], [a].[PhoneNumber], [a].[PhoneNumberConfirmed], [a].[Role], [a].[SecurityStamp], [a].[TwoFactorEnabled], [a].[Username], [c].[Id], [c].[CompanyCode], [c].[CompanyName], [c].[CreatedDate], [c].[PlanType]
      FROM [AspNetUsers] AS [a]
      INNER JOIN [Companies] AS [c] ON [a].[CompanyId] = [c].[Id]
      WHERE [a].[Username] = @__username_0
info: Microsoft.EntityFrameworkCore.Database.Command[20101]
      Executed DbCommand (449ms) [Parameters=[@__user_Id_0='?' (DbType = Int32)], CommandType='Text', CommandTimeout='30']
      SELECT [a].[Id], [a].[ClaimType], [a].[ClaimValue], [a].[UserId]
      FROM [AspNetUserClaims] AS [a]
      WHERE [a].[UserId] = @__user_Id_0
info: Microsoft.EntityFrameworkCore.Database.Command[20101]
      Executed DbCommand (137ms) [Parameters=[@__userId_0='?' (DbType = Int32)], CommandType='Text', CommandTimeout='30']
      SELECT [a0].[Name]
      FROM [AspNetUserRoles] AS [a]
      INNER JOIN [AspNetRoles] AS [a0] ON [a].[RoleId] = [a0].[Id]
      WHERE [a].[UserId] = @__userId_0
info: Microsoft.EntityFrameworkCore.Database.Command[20101]
      Executed DbCommand (143ms) [Parameters=[@__normalizedName_0='?' (Size = 256)], CommandType='Text', CommandTimeout='30']
      SELECT TOP(1) [a].[Id], [a].[ConcurrencyStamp], [a].[Name], [a].[NormalizedName]
      FROM [AspNetRoles] AS [a]
      WHERE [a].[NormalizedName] = @__normalizedName_0
info: Microsoft.EntityFrameworkCore.Database.Command[20101]
      Executed DbCommand (160ms) [Parameters=[@__role_Id_0='?' (DbType = Int32)], CommandType='Text', CommandTimeout='30']
      SELECT [a].[ClaimType], [a].[ClaimValue]
      FROM [AspNetRoleClaims] AS [a]
      WHERE [a].[RoleId] = @__role_Id_0
info: Microsoft.EntityFrameworkCore.Database.Command[20101]
      Executed DbCommand (137ms) [Parameters=[@p0='?' (DbType = Int32), @p1='?' (Size = 100), @p2='?' (Size = 500), @p3='?' (Size = 50), @p4='?' (Size = 20), @p5='?' (DbType = DateTime2), @p6='?' (DbType = Int32)], CommandType='Text', CommandTimeout='30']
      SET IMPLICIT_TRANSACTIONS OFF;
      SET NOCOUNT ON;
      INSERT INTO [Logs] ([CompanyId], [IpAddress], [Islem], [KullaniciAdi], [Rol], [Tarih], [UserId])
      OUTPUT INSERTED.[Id]
      VALUES (@p0, @p1, @p2, @p3, @p4, @p5, @p6);
info: Microsoft.EntityFrameworkCore.Database.Command[20101]
      Executed DbCommand (182ms) [Parameters=[@__ef_filter__p_0='?' (DbType = Boolean), @__ef_filter__CurrentCompanyId_1='?' (DbType = Int32), @__userId_0='?' (DbType = Int32), @__userId_1='?' (DbType = Int32)], CommandType='Text', CommandTimeout='30']
      SELECT COUNT(*)
      FROM [Products] AS [p]
      WHERE @__ef_filter__p_0 = CAST(1 AS bit) AND [p].[CompanyId] = @__ef_filter__CurrentCompanyId_1 AND [p].[IsActive] = CAST(1 AS bit) AND ([p].[CreatedByUserId] = @__userId_0 OR [p].[UserId] = @__userId_1)
info: Microsoft.EntityFrameworkCore.Database.Command[20101]
      Executed DbCommand (158ms) [Parameters=[@__ef_filter__p_0='?' (DbType = Boolean), @__ef_filter__CurrentCompanyId_1='?' (DbType = Int32)], CommandType='Text', CommandTimeout='30']
      SELECT COUNT(*)
      FROM [Kategoriler] AS [k]
      WHERE @__ef_filter__p_0 = CAST(1 AS bit) AND [k].[CompanyId] = @__ef_filter__CurrentCompanyId_1
info: Microsoft.EntityFrameworkCore.Database.Command[20101]
      Executed DbCommand (153ms) [Parameters=[@__ef_filter__p_0='?' (DbType = Boolean), @__ef_filter__CurrentCompanyId_1='?' (DbType = Int32), @__userId_0='?' (DbType = Int32), @__userId_1='?' (DbType = Int32)], CommandType='Text', CommandTimeout='30']
      SELECT COUNT(*)
      FROM [Products] AS [p]
      WHERE @__ef_filter__p_0 = CAST(1 AS bit) AND [p].[CompanyId] = @__ef_filter__CurrentCompanyId_1 AND [p].[IsActive] = CAST(1 AS bit) AND ([p].[CreatedByUserId] = @__userId_0 OR [p].[UserId] = @__userId_1) AND COALESCE([p].[Stock], 0) <= [p].[CriticalStock]
info: Microsoft.EntityFrameworkCore.Database.Command[20101]
      Executed DbCommand (129ms) [Parameters=[@__ef_filter__p_0='?' (DbType = Boolean), @__ef_filter__CurrentCompanyId_1='?' (DbType = Int32), @__userId_0='?' (DbType = Int32), @__userId_1='?' (DbType = Int32)], CommandType='Text', CommandTimeout='30']
      SELECT COALESCE(SUM(COALESCE([p].[Price], 0.0) * CAST(COALESCE([p].[Stock], 0) AS decimal(18,2))), 0.0)
      FROM [Products] AS [p]
      WHERE @__ef_filter__p_0 = CAST(1 AS bit) AND [p].[CompanyId] = @__ef_filter__CurrentCompanyId_1 AND [p].[IsActive] = CAST(1 AS bit) AND ([p].[CreatedByUserId] = @__userId_0 OR [p].[UserId] = @__userId_1)
info: Microsoft.EntityFrameworkCore.Database.Command[20101]
      Executed DbCommand (127ms) [Parameters=[@__p_1='?' (DbType = Int32), @__ef_filter__p_0='?' (DbType = Boolean), @__ef_filter__CurrentCompanyId_1='?' (DbType = Int32), @__userId_0='?' (DbType = Int32)], CommandType='Text', CommandTimeout='30']
      SELECT TOP(@__p_1) [l].[Id], [l].[CompanyId], [l].[IpAddress], [l].[Islem], [l].[KullaniciAdi], [l].[Rol], [l].[Tarih], [l].[UserId]
      FROM [Logs] AS [l]
      WHERE @__ef_filter__p_0 = CAST(1 AS bit) AND [l].[CompanyId] = @__ef_filter__CurrentCompanyId_1 AND [l].[UserId] = @__userId_0
      ORDER BY [l].[Tarih] DESC
info: Microsoft.EntityFrameworkCore.Database.Command[20101]
      Executed DbCommand (212ms) [Parameters=[@__companyId_0='?' (DbType = Int32)], CommandType='Text', CommandTimeout='30']
      SELECT TOP(1) [c].[Id], [c].[CompanyCode], [c].[CompanyName], [c].[CreatedDate], [c].[PlanType]
      FROM [Companies] AS [c]
      WHERE [c].[Id] = @__companyId_0
info: Microsoft.EntityFrameworkCore.Database.Command[20101]
      Executed DbCommand (237ms) [Parameters=[@__ef_filter__p_0='?' (DbType = Boolean), @__ef_filter__CurrentCompanyId_1='?' (DbType = Int32)], CommandType='Text', CommandTimeout='30']
      SELECT [k].[Id], [k].[Aciklama], [k].[CompanyId], [k].[CreatedDate], [k].[IsActive], [k].[KategoriAd]
      FROM [Kategoriler] AS [k]
      WHERE @__ef_filter__p_0 = CAST(1 AS bit) AND [k].[CompanyId] = @__ef_filter__CurrentCompanyId_1
      ORDER BY [k].[KategoriAd]
info: Microsoft.EntityFrameworkCore.Database.Command[20101]
      Executed DbCommand (990ms) [Parameters=[@p0='?' (DbType = Int32), @p1='?' (Size = 100), @p2='?' (Size = 500), @p3='?' (Size = 50), @p4='?' (Size = 20), @p5='?' (DbType = DateTime2), @p6='?' (DbType = Int32), @p7='?' (DbType = Int32), @p8='?' (DbType = Int32), @p9='?' (DbType = DateTime2), @p10='?' (DbType = Int32), @p11='?' (DbType = Boolean), @p12='?' (DbType = Int32), @p13='?' (Size = 150), @p14='?' (Precision = 18) (Scale = 2) (DbType = Decimal), @p15='?' (DbType = Int32), @p16='?' (Size = 50), @p17='?' (DbType = Int32)], CommandType='Text', CommandTimeout='30']
      SET NOCOUNT ON;
      INSERT INTO [Logs] ([CompanyId], [IpAddress], [Islem], [KullaniciAdi], [Rol], [Tarih], [UserId])
      OUTPUT INSERTED.[Id]
      VALUES (@p0, @p1, @p2, @p3, @p4, @p5, @p6);
      INSERT INTO [Products] ([CompanyId], [CreatedByUserId], [CreatedDate], [CriticalStock], [IsActive], [KategoriId], [Name], [Price], [Stock], [StockType], [UserId])
      OUTPUT INSERTED.[Id]
      VALUES (@p7, @p8, @p9, @p10, @p11, @p12, @p13, @p14, @p15, @p16, @p17);
info: Microsoft.EntityFrameworkCore.Database.Command[20101]
      Executed DbCommand (234ms) [Parameters=[@__ef_filter__p_0='?' (DbType = Boolean), @__ef_filter__CurrentCompanyId_1='?' (DbType = Int32)], CommandType='Text', CommandTimeout='30']
      SELECT [k].[Id], [k].[Aciklama], [k].[CompanyId], [k].[CreatedDate], [k].[IsActive], [k].[KategoriAd]
      FROM [Kategoriler] AS [k]
      WHERE @__ef_filter__p_0 = CAST(1 AS bit) AND [k].[CompanyId] = @__ef_filter__CurrentCompanyId_1
      ORDER BY [k].[KategoriAd]
info: Microsoft.EntityFrameworkCore.Database.Command[20101]
      Executed DbCommand (224ms) [Parameters=[@__ef_filter__p_0='?' (DbType = Boolean), @__ef_filter__CurrentCompanyId_1='?' (DbType = Int32), @__userId_0='?' (DbType = Int32), @__userId_1='?' (DbType = Int32)], CommandType='Text', CommandTimeout='30']
      SELECT [p].[Id], [p].[CompanyId], [p].[CreatedByUserId], [p].[CreatedDate], [p].[CriticalStock], [p].[IsActive], [p].[KategoriId], [p].[Name], [p].[Price], [p].[Stock], [p].[StockType], [p].[UserId], [t].[Id], [t].[Aciklama], [t].[CompanyId], [t].[CreatedDate], [t].[IsActive], [t].[KategoriAd]
      FROM [Products] AS [p]
      LEFT JOIN (
          SELECT [k].[Id], [k].[Aciklama], [k].[CompanyId], [k].[CreatedDate], [k].[IsActive], [k].[KategoriAd]
          FROM [Kategoriler] AS [k]
          WHERE @__ef_filter__p_0 = CAST(1 AS bit) AND [k].[CompanyId] = @__ef_filter__CurrentCompanyId_1
      ) AS [t] ON [p].[KategoriId] = [t].[Id]
      WHERE @__ef_filter__p_0 = CAST(1 AS bit) AND [p].[CompanyId] = @__ef_filter__CurrentCompanyId_1 AND [p].[IsActive] = CAST(1 AS bit) AND ([p].[CreatedByUserId] = @__userId_0 OR [p].[UserId] = @__userId_1)
      ORDER BY [p].[CreatedDate] DESC
info: Microsoft.EntityFrameworkCore.Database.Command[20101]
      Executed DbCommand (148ms) [Parameters=[@__ToLower_0='?' (Size = 50)], CommandType='Text', CommandTimeout='30']
      SELECT CASE
          WHEN EXISTS (
              SELECT 1
              FROM [AspNetUsers] AS [a]
              WHERE LOWER([a].[Username]) = @__ToLower_0) THEN CAST(1 AS bit)
          ELSE CAST(0 AS bit)
      END
info: Microsoft.EntityFrameworkCore.Database.Command[20101]
      Executed DbCommand (516ms) [Parameters=[@__ToLower_0='?' (Size = 150)], CommandType='Text', CommandTimeout='30']
      SELECT CASE
          WHEN EXISTS (
              SELECT 1
              FROM [AspNetUsers] AS [a]
              WHERE [a].[Email] IS NOT NULL AND LOWER([a].[Email]) = @__ToLower_0) THEN CAST(1 AS bit)
          ELSE CAST(0 AS bit)
      END
warn: Microsoft.EntityFrameworkCore.Database.Transaction[30004]
      Savepoints are disabled because Multiple Active Result Sets (MARS) is enabled. If 'SaveChanges' fails, then the transaction cannot be automatically rolled back to a known clean state. Instead, the transaction should be rolled back by the application before retrying 'SaveChanges'. See https://go.microsoft.com/fwlink/?linkid=2149338 for more information and examples. To identify the code which triggers this warning, call 'ConfigureWarnings(w => w.Throw(SqlServerEventId.SavepointsDisabledBecauseOfMARS))'.
info: Microsoft.EntityFrameworkCore.Database.Command[20101]
      Executed DbCommand (503ms) [Parameters=[@p0='?' (Size = 20), @p1='?' (Size = 150), @p2='?' (DbType = DateTime2), @p3='?' (Size = 20)], CommandType='Text', CommandTimeout='30']
      SET IMPLICIT_TRANSACTIONS OFF;
      SET NOCOUNT ON;
      INSERT INTO [Companies] ([CompanyCode], [CompanyName], [CreatedDate], [PlanType])
      OUTPUT INSERTED.[Id]
      VALUES (@p0, @p1, @p2, @p3);
info: Microsoft.EntityFrameworkCore.Database.Command[20101]
      Executed DbCommand (157ms) [Parameters=[@__normalizedUserName_0='?' (Size = 256)], CommandType='Text', CommandTimeout='30']
      SELECT TOP(1) [a].[Id], [a].[AccessFailedCount], [a].[CompanyId], [a].[ConcurrencyStamp], [a].[CreatedDate], [a].[Email], [a].[EmailConfirmed], [a].[FullName], [a].[IsActive], [a].[LockoutEnabled], [a].[LockoutEnd], [a].[NormalizedEmail], [a].[NormalizedUserName], [a].[PasswordHash], [a].[PhoneNumber], [a].[PhoneNumberConfirmed], [a].[Role], [a].[SecurityStamp], [a].[TwoFactorEnabled], [a].[Username]
      FROM [AspNetUsers] AS [a]
      WHERE [a].[NormalizedUserName] = @__normalizedUserName_0
info: Microsoft.EntityFrameworkCore.Database.Command[20101]
      Executed DbCommand (131ms) [Parameters=[@__normalizedEmail_0='?' (Size = 256)], CommandType='Text', CommandTimeout='30']
      SELECT TOP(2) [a].[Id], [a].[AccessFailedCount], [a].[CompanyId], [a].[ConcurrencyStamp], [a].[CreatedDate], [a].[Email], [a].[EmailConfirmed], [a].[FullName], [a].[IsActive], [a].[LockoutEnabled], [a].[LockoutEnd], [a].[NormalizedEmail], [a].[NormalizedUserName], [a].[PasswordHash], [a].[PhoneNumber], [a].[PhoneNumberConfirmed], [a].[Role], [a].[SecurityStamp], [a].[TwoFactorEnabled], [a].[Username]
      FROM [AspNetUsers] AS [a]
      WHERE [a].[NormalizedEmail] = @__normalizedEmail_0
warn: Microsoft.EntityFrameworkCore.Database.Transaction[30004]
      Savepoints are disabled because Multiple Active Result Sets (MARS) is enabled. If 'SaveChanges' fails, then the transaction cannot be automatically rolled back to a known clean state. Instead, the transaction should be rolled back by the application before retrying 'SaveChanges'. See https://go.microsoft.com/fwlink/?linkid=2149338 for more information and examples. To identify the code which triggers this warning, call 'ConfigureWarnings(w => w.Throw(SqlServerEventId.SavepointsDisabledBecauseOfMARS))'.
info: Microsoft.EntityFrameworkCore.Database.Command[20101]
      Executed DbCommand (970ms) [Parameters=[@p0='?' (DbType = Int32), @p1='?' (DbType = Int32), @p2='?' (Size = 4000), @p3='?' (DbType = DateTime2), @p4='?' (Size = 150), @p5='?' (DbType = Boolean), @p6='?' (Size = 100), @p7='?' (DbType = Boolean), @p8='?' (DbType = Boolean), @p9='?' (DbType = DateTimeOffset), @p10='?' (Size = 256), @p11='?' (Size = 256), @p12='?' (Size = 4000), @p13='?' (Size = 4000), @p14='?' (DbType = Boolean), @p15='?' (Size = 20), @p16='?' (Size = 4000), @p17='?' (DbType = Boolean), @p18='?' (Size = 50)], CommandType='Text', CommandTimeout='30']
      SET IMPLICIT_TRANSACTIONS OFF;
      SET NOCOUNT ON;
      INSERT INTO [AspNetUsers] ([AccessFailedCount], [CompanyId], [ConcurrencyStamp], [CreatedDate], [Email], [EmailConfirmed], [FullName], [IsActive], [LockoutEnabled], [LockoutEnd], [NormalizedEmail], [NormalizedUserName], [PasswordHash], [PhoneNumber], [PhoneNumberConfirmed], [Role], [SecurityStamp], [TwoFactorEnabled], [Username])
      OUTPUT INSERTED.[Id]
      VALUES (@p0, @p1, @p2, @p3, @p4, @p5, @p6, @p7, @p8, @p9, @p10, @p11, @p12, @p13, @p14, @p15, @p16, @p17, @p18);
info: Microsoft.EntityFrameworkCore.Database.Command[20101]
      Executed DbCommand (99ms) [Parameters=[@__normalizedRoleName_0='?' (Size = 256)], CommandType='Text', CommandTimeout='30']
      SELECT TOP(2) [a].[Id], [a].[ConcurrencyStamp], [a].[Name], [a].[NormalizedName]
      FROM [AspNetRoles] AS [a]
      WHERE [a].[NormalizedName] = @__normalizedRoleName_0
info: Microsoft.EntityFrameworkCore.Database.Command[20101]
      Executed DbCommand (538ms) [Parameters=[@__p_0='?' (DbType = Int32), @__p_1='?' (DbType = Int32)], CommandType='Text', CommandTimeout='30']
      SELECT TOP(1) [a].[UserId], [a].[RoleId]
      FROM [AspNetUserRoles] AS [a]
      WHERE [a].[UserId] = @__p_0 AND [a].[RoleId] = @__p_1
info: Microsoft.EntityFrameworkCore.Database.Command[20101]
      Executed DbCommand (113ms) [Parameters=[@__normalizedRoleName_0='?' (Size = 256)], CommandType='Text', CommandTimeout='30']
      SELECT TOP(2) [a].[Id], [a].[ConcurrencyStamp], [a].[Name], [a].[NormalizedName]
      FROM [AspNetRoles] AS [a]
      WHERE [a].[NormalizedName] = @__normalizedRoleName_0
info: Microsoft.EntityFrameworkCore.Database.Command[20101]
      Executed DbCommand (105ms) [Parameters=[@__normalizedUserName_0='?' (Size = 256)], CommandType='Text', CommandTimeout='30']
      SELECT TOP(1) [a].[Id], [a].[AccessFailedCount], [a].[CompanyId], [a].[ConcurrencyStamp], [a].[CreatedDate], [a].[Email], [a].[EmailConfirmed], [a].[FullName], [a].[IsActive], [a].[LockoutEnabled], [a].[LockoutEnd], [a].[NormalizedEmail], [a].[NormalizedUserName], [a].[PasswordHash], [a].[PhoneNumber], [a].[PhoneNumberConfirmed], [a].[Role], [a].[SecurityStamp], [a].[TwoFactorEnabled], [a].[Username]
      FROM [AspNetUsers] AS [a]
      WHERE [a].[NormalizedUserName] = @__normalizedUserName_0
info: Microsoft.EntityFrameworkCore.Database.Command[20101]
      Executed DbCommand (186ms) [Parameters=[@__normalizedEmail_0='?' (Size = 256)], CommandType='Text', CommandTimeout='30']
      SELECT TOP(2) [a].[Id], [a].[AccessFailedCount], [a].[CompanyId], [a].[ConcurrencyStamp], [a].[CreatedDate], [a].[Email], [a].[EmailConfirmed], [a].[FullName], [a].[IsActive], [a].[LockoutEnabled], [a].[LockoutEnd], [a].[NormalizedEmail], [a].[NormalizedUserName], [a].[PasswordHash], [a].[PhoneNumber], [a].[PhoneNumberConfirmed], [a].[Role], [a].[SecurityStamp], [a].[TwoFactorEnabled], [a].[Username]
      FROM [AspNetUsers] AS [a]
      WHERE [a].[NormalizedEmail] = @__normalizedEmail_0
warn: Microsoft.EntityFrameworkCore.Database.Transaction[30004]
      Savepoints are disabled because Multiple Active Result Sets (MARS) is enabled. If 'SaveChanges' fails, then the transaction cannot be automatically rolled back to a known clean state. Instead, the transaction should be rolled back by the application before retrying 'SaveChanges'. See https://go.microsoft.com/fwlink/?linkid=2149338 for more information and examples. To identify the code which triggers this warning, call 'ConfigureWarnings(w => w.Throw(SqlServerEventId.SavepointsDisabledBecauseOfMARS))'.
info: Microsoft.EntityFrameworkCore.Database.Command[20101]
      Executed DbCommand (129ms) [Parameters=[@p0='?' (DbType = Int32), @p1='?' (DbType = Int32), @p21='?' (DbType = Int32), @p2='?' (DbType = Int32), @p3='?' (DbType = Int32), @p4='?' (Size = 4000), @p22='?' (Size = 4000), @p5='?' (DbType = DateTime2), @p6='?' (Size = 150), @p7='?' (DbType = Boolean), @p8='?' (Size = 100), @p9='?' (DbType = Boolean), @p10='?' (DbType = Boolean), @p11='?' (DbType = DateTimeOffset), @p12='?' (Size = 256), @p13='?' (Size = 256), @p14='?' (Size = 4000), @p15='?' (Size = 4000), @p16='?' (DbType = Boolean), @p17='?' (Size = 20), @p18='?' (Size = 4000), @p19='?' (DbType = Boolean), @p20='?' (Size = 50)], CommandType='Text', CommandTimeout='30']
      SET NOCOUNT ON;
      INSERT INTO [AspNetUserRoles] ([RoleId], [UserId])
      VALUES (@p0, @p1);
      UPDATE [AspNetUsers] SET [AccessFailedCount] = @p2, [CompanyId] = @p3, [ConcurrencyStamp] = @p4, [CreatedDate] = @p5, [Email] = @p6, [EmailConfirmed] = @p7, [FullName] = @p8, [IsActive] = @p9, [LockoutEnabled] = @p10, [LockoutEnd] = @p11, [NormalizedEmail] = @p12, [NormalizedUserName] = @p13, [PasswordHash] = @p14, [PhoneNumber] = @p15, [PhoneNumberConfirmed] = @p16, [Role] = @p17, [SecurityStamp] = @p18, [TwoFactorEnabled] = @p19, [Username] = @p20
      OUTPUT 1
      WHERE [Id] = @p21 AND [ConcurrencyStamp] = @p22;
warn: Microsoft.EntityFrameworkCore.Database.Transaction[30004]
      Savepoints are disabled because Multiple Active Result Sets (MARS) is enabled. If 'SaveChanges' fails, then the transaction cannot be automatically rolled back to a known clean state. Instead, the transaction should be rolled back by the application before retrying 'SaveChanges'. See https://go.microsoft.com/fwlink/?linkid=2149338 for more information and examples. To identify the code which triggers this warning, call 'ConfigureWarnings(w => w.Throw(SqlServerEventId.SavepointsDisabledBecauseOfMARS))'.
info: Microsoft.EntityFrameworkCore.Database.Command[20101]
      Executed DbCommand (153ms) [Parameters=[@p0='?' (DbType = Int32), @p1='?' (Size = 100), @p2='?' (Size = 500), @p3='?' (Size = 50), @p4='?' (Size = 20), @p5='?' (DbType = DateTime2), @p6='?' (DbType = Int32)], CommandType='Text', CommandTimeout='30']
      SET IMPLICIT_TRANSACTIONS OFF;
      SET NOCOUNT ON;
      INSERT INTO [Logs] ([CompanyId], [IpAddress], [Islem], [KullaniciAdi], [Rol], [Tarih], [UserId])
      OUTPUT INSERTED.[Id]
      VALUES (@p0, @p1, @p2, @p3, @p4, @p5, @p6);
info: Microsoft.EntityFrameworkCore.Database.Command[20101]
      Executed DbCommand (202ms) [Parameters=[@__username_0='?' (Size = 50)], CommandType='Text', CommandTimeout='30']
      SELECT TOP(1) [a].[Id], [a].[AccessFailedCount], [a].[CompanyId], [a].[ConcurrencyStamp], [a].[CreatedDate], [a].[Email], [a].[EmailConfirmed], [a].[FullName], [a].[IsActive], [a].[LockoutEnabled], [a].[LockoutEnd], [a].[NormalizedEmail], [a].[NormalizedUserName], [a].[PasswordHash], [a].[PhoneNumber], [a].[PhoneNumberConfirmed], [a].[Role], [a].[SecurityStamp], [a].[TwoFactorEnabled], [a].[Username], [c].[Id], [c].[CompanyCode], [c].[CompanyName], [c].[CreatedDate], [c].[PlanType]
      FROM [AspNetUsers] AS [a]
      INNER JOIN [Companies] AS [c] ON [a].[CompanyId] = [c].[Id]
      WHERE [a].[Username] = @__username_0
info: Microsoft.EntityFrameworkCore.Database.Command[20101]
      Executed DbCommand (144ms) [Parameters=[@__user_Id_0='?' (DbType = Int32)], CommandType='Text', CommandTimeout='30']
      SELECT [a].[Id], [a].[ClaimType], [a].[ClaimValue], [a].[UserId]
      FROM [AspNetUserClaims] AS [a]
      WHERE [a].[UserId] = @__user_Id_0
info: Microsoft.EntityFrameworkCore.Database.Command[20101]
      Executed DbCommand (143ms) [Parameters=[@__userId_0='?' (DbType = Int32)], CommandType='Text', CommandTimeout='30']
      SELECT [a0].[Name]
      FROM [AspNetUserRoles] AS [a]
      INNER JOIN [AspNetRoles] AS [a0] ON [a].[RoleId] = [a0].[Id]
      WHERE [a].[UserId] = @__userId_0
info: Microsoft.EntityFrameworkCore.Database.Command[20101]
      Executed DbCommand (158ms) [Parameters=[@__normalizedName_0='?' (Size = 256)], CommandType='Text', CommandTimeout='30']
      SELECT TOP(1) [a].[Id], [a].[ConcurrencyStamp], [a].[Name], [a].[NormalizedName]
      FROM [AspNetRoles] AS [a]
      WHERE [a].[NormalizedName] = @__normalizedName_0
info: Microsoft.EntityFrameworkCore.Database.Command[20101]
      Executed DbCommand (103ms) [Parameters=[@__role_Id_0='?' (DbType = Int32)], CommandType='Text', CommandTimeout='30']
      SELECT [a].[ClaimType], [a].[ClaimValue]
      FROM [AspNetRoleClaims] AS [a]
      WHERE [a].[RoleId] = @__role_Id_0
info: Microsoft.EntityFrameworkCore.Database.Command[20101]
      Executed DbCommand (111ms) [Parameters=[@p0='?' (DbType = Int32), @p1='?' (Size = 100), @p2='?' (Size = 500), @p3='?' (Size = 50), @p4='?' (Size = 20), @p5='?' (DbType = DateTime2), @p6='?' (DbType = Int32)], CommandType='Text', CommandTimeout='30']
      SET IMPLICIT_TRANSACTIONS OFF;
      SET NOCOUNT ON;
      INSERT INTO [Logs] ([CompanyId], [IpAddress], [Islem], [KullaniciAdi], [Rol], [Tarih], [UserId])
      OUTPUT INSERTED.[Id]
      VALUES (@p0, @p1, @p2, @p3, @p4, @p5, @p6);
info: Microsoft.EntityFrameworkCore.Database.Command[20101]
      Executed DbCommand (204ms) [Parameters=[@__ef_filter__p_0='?' (DbType = Boolean), @__ef_filter__CurrentCompanyId_1='?' (DbType = Int32)], CommandType='Text', CommandTimeout='30']
      SELECT [k].[Id], [k].[Aciklama], [k].[CompanyId], [k].[CreatedDate], [k].[IsActive], [k].[KategoriAd]
      FROM [Kategoriler] AS [k]
      WHERE @__ef_filter__p_0 = CAST(1 AS bit) AND [k].[CompanyId] = @__ef_filter__CurrentCompanyId_1
      ORDER BY [k].[KategoriAd]
info: Microsoft.EntityFrameworkCore.Database.Command[20101]
      Executed DbCommand (155ms) [Parameters=[@p0='?' (DbType = Int32), @p1='?' (Size = 100), @p2='?' (Size = 500), @p3='?' (Size = 50), @p4='?' (Size = 20), @p5='?' (DbType = DateTime2), @p6='?' (DbType = Int32), @p7='?' (DbType = Int32), @p8='?' (DbType = Int32), @p9='?' (DbType = DateTime2), @p10='?' (DbType = Int32), @p11='?' (DbType = Boolean), @p12='?' (DbType = Int32), @p13='?' (Size = 150), @p14='?' (Precision = 18) (Scale = 2) (DbType = Decimal), @p15='?' (DbType = Int32), @p16='?' (Size = 50), @p17='?' (DbType = Int32)], CommandType='Text', CommandTimeout='30']
      SET NOCOUNT ON;
      INSERT INTO [Logs] ([CompanyId], [IpAddress], [Islem], [KullaniciAdi], [Rol], [Tarih], [UserId])
      OUTPUT INSERTED.[Id]
      VALUES (@p0, @p1, @p2, @p3, @p4, @p5, @p6);
      INSERT INTO [Products] ([CompanyId], [CreatedByUserId], [CreatedDate], [CriticalStock], [IsActive], [KategoriId], [Name], [Price], [Stock], [StockType], [UserId])
      OUTPUT INSERTED.[Id]
      VALUES (@p7, @p8, @p9, @p10, @p11, @p12, @p13, @p14, @p15, @p16, @p17);
info: Microsoft.EntityFrameworkCore.Database.Command[20101]
      Executed DbCommand (165ms) [Parameters=[@__companyId_0='?' (DbType = Int32)], CommandType='Text', CommandTimeout='30']
      SELECT TOP(1) [c].[Id], [c].[CompanyCode], [c].[CompanyName], [c].[CreatedDate], [c].[PlanType]
      FROM [Companies] AS [c]
      WHERE [c].[Id] = @__companyId_0
info: Microsoft.EntityFrameworkCore.Database.Command[20101]
      Executed DbCommand (125ms) [Parameters=[@__companyId_0='?' (DbType = Int32)], CommandType='Text', CommandTimeout='30']
      SELECT [a].[Id], [a].[AccessFailedCount], [a].[CompanyId], [a].[ConcurrencyStamp], [a].[CreatedDate], [a].[Email], [a].[EmailConfirmed], [a].[FullName], [a].[IsActive], [a].[LockoutEnabled], [a].[LockoutEnd], [a].[NormalizedEmail], [a].[NormalizedUserName], [a].[PasswordHash], [a].[PhoneNumber], [a].[PhoneNumberConfirmed], [a].[Role], [a].[SecurityStamp], [a].[TwoFactorEnabled], [a].[Username]
      FROM [AspNetUsers] AS [a]
      WHERE [a].[CompanyId] = @__companyId_0 AND [a].[IsActive] = CAST(1 AS bit)
      ORDER BY [a].[Id] DESC
info: Microsoft.EntityFrameworkCore.Database.Command[20101]
      Executed DbCommand (156ms) [Parameters=[@__ef_filter__p_0='?' (DbType = Boolean), @__ef_filter__CurrentCompanyId_1='?' (DbType = Int32)], CommandType='Text', CommandTimeout='30']
      SELECT COUNT(*)
      FROM [Products] AS [p]
      WHERE @__ef_filter__p_0 = CAST(1 AS bit) AND [p].[CompanyId] = @__ef_filter__CurrentCompanyId_1
info: Microsoft.EntityFrameworkCore.Database.Command[20101]
      Executed DbCommand (141ms) [Parameters=[@__ef_filter__p_0='?' (DbType = Boolean), @__ef_filter__CurrentCompanyId_1='?' (DbType = Int32)], CommandType='Text', CommandTimeout='30']
      SELECT COUNT(*)
      FROM [Kategoriler] AS [k]
      WHERE @__ef_filter__p_0 = CAST(1 AS bit) AND [k].[CompanyId] = @__ef_filter__CurrentCompanyId_1
info: Microsoft.EntityFrameworkCore.Database.Command[20101]
      Executed DbCommand (104ms) [Parameters=[@__ToLower_0='?' (Size = 50)], CommandType='Text', CommandTimeout='30']
      SELECT CASE
          WHEN EXISTS (
              SELECT 1
              FROM [AspNetUsers] AS [a]
              WHERE LOWER([a].[Username]) = @__ToLower_0) THEN CAST(1 AS bit)
          ELSE CAST(0 AS bit)
      END
info: Microsoft.EntityFrameworkCore.Database.Command[20101]
      Executed DbCommand (111ms) [Parameters=[@__ToLower_0='?' (Size = 150)], CommandType='Text', CommandTimeout='30']
      SELECT CASE
          WHEN EXISTS (
              SELECT 1
              FROM [AspNetUsers] AS [a]
              WHERE [a].[Email] IS NOT NULL AND LOWER([a].[Email]) = @__ToLower_0) THEN CAST(1 AS bit)
          ELSE CAST(0 AS bit)
      END
info: Microsoft.EntityFrameworkCore.Database.Command[20101]
      Executed DbCommand (122ms) [Parameters=[@__inviteCode_0='?' (Size = 20)], CommandType='Text', CommandTimeout='30']
      SELECT TOP(1) [c].[Id], [c].[CompanyCode], [c].[CompanyName], [c].[CreatedDate], [c].[PlanType]
      FROM [Companies] AS [c]
      WHERE [c].[CompanyCode] = @__inviteCode_0
info: Microsoft.EntityFrameworkCore.Database.Command[20101]
      Executed DbCommand (164ms) [Parameters=[@__normalizedUserName_0='?' (Size = 256)], CommandType='Text', CommandTimeout='30']
      SELECT TOP(1) [a].[Id], [a].[AccessFailedCount], [a].[CompanyId], [a].[ConcurrencyStamp], [a].[CreatedDate], [a].[Email], [a].[EmailConfirmed], [a].[FullName], [a].[IsActive], [a].[LockoutEnabled], [a].[LockoutEnd], [a].[NormalizedEmail], [a].[NormalizedUserName], [a].[PasswordHash], [a].[PhoneNumber], [a].[PhoneNumberConfirmed], [a].[Role], [a].[SecurityStamp], [a].[TwoFactorEnabled], [a].[Username]
      FROM [AspNetUsers] AS [a]
      WHERE [a].[NormalizedUserName] = @__normalizedUserName_0
info: Microsoft.EntityFrameworkCore.Database.Command[20101]
      Executed DbCommand (145ms) [Parameters=[@__normalizedEmail_0='?' (Size = 256)], CommandType='Text', CommandTimeout='30']
      SELECT TOP(2) [a].[Id], [a].[AccessFailedCount], [a].[CompanyId], [a].[ConcurrencyStamp], [a].[CreatedDate], [a].[Email], [a].[EmailConfirmed], [a].[FullName], [a].[IsActive], [a].[LockoutEnabled], [a].[LockoutEnd], [a].[NormalizedEmail], [a].[NormalizedUserName], [a].[PasswordHash], [a].[PhoneNumber], [a].[PhoneNumberConfirmed], [a].[Role], [a].[SecurityStamp], [a].[TwoFactorEnabled], [a].[Username]
      FROM [AspNetUsers] AS [a]
      WHERE [a].[NormalizedEmail] = @__normalizedEmail_0
warn: Microsoft.EntityFrameworkCore.Database.Transaction[30004]
      Savepoints are disabled because Multiple Active Result Sets (MARS) is enabled. If 'SaveChanges' fails, then the transaction cannot be automatically rolled back to a known clean state. Instead, the transaction should be rolled back by the application before retrying 'SaveChanges'. See https://go.microsoft.com/fwlink/?linkid=2149338 for more information and examples. To identify the code which triggers this warning, call 'ConfigureWarnings(w => w.Throw(SqlServerEventId.SavepointsDisabledBecauseOfMARS))'.
info: Microsoft.EntityFrameworkCore.Database.Command[20101]
      Executed DbCommand (167ms) [Parameters=[@p0='?' (DbType = Int32), @p1='?' (DbType = Int32), @p2='?' (Size = 4000), @p3='?' (DbType = DateTime2), @p4='?' (Size = 150), @p5='?' (DbType = Boolean), @p6='?' (Size = 100), @p7='?' (DbType = Boolean), @p8='?' (DbType = Boolean), @p9='?' (DbType = DateTimeOffset), @p10='?' (Size = 256), @p11='?' (Size = 256), @p12='?' (Size = 4000), @p13='?' (Size = 4000), @p14='?' (DbType = Boolean), @p15='?' (Size = 20), @p16='?' (Size = 4000), @p17='?' (DbType = Boolean), @p18='?' (Size = 50)], CommandType='Text', CommandTimeout='30']
      SET IMPLICIT_TRANSACTIONS OFF;
      SET NOCOUNT ON;
      INSERT INTO [AspNetUsers] ([AccessFailedCount], [CompanyId], [ConcurrencyStamp], [CreatedDate], [Email], [EmailConfirmed], [FullName], [IsActive], [LockoutEnabled], [LockoutEnd], [NormalizedEmail], [NormalizedUserName], [PasswordHash], [PhoneNumber], [PhoneNumberConfirmed], [Role], [SecurityStamp], [TwoFactorEnabled], [Username])
      OUTPUT INSERTED.[Id]
      VALUES (@p0, @p1, @p2, @p3, @p4, @p5, @p6, @p7, @p8, @p9, @p10, @p11, @p12, @p13, @p14, @p15, @p16, @p17, @p18);
info: Microsoft.EntityFrameworkCore.Database.Command[20101]
      Executed DbCommand (498ms) [Parameters=[@__normalizedRoleName_0='?' (Size = 256)], CommandType='Text', CommandTimeout='30']
      SELECT TOP(2) [a].[Id], [a].[ConcurrencyStamp], [a].[Name], [a].[NormalizedName]
      FROM [AspNetRoles] AS [a]
      WHERE [a].[NormalizedName] = @__normalizedRoleName_0
info: Microsoft.EntityFrameworkCore.Database.Command[20101]
      Executed DbCommand (107ms) [Parameters=[@__p_0='?' (DbType = Int32), @__p_1='?' (DbType = Int32)], CommandType='Text', CommandTimeout='30']
      SELECT TOP(1) [a].[UserId], [a].[RoleId]
      FROM [AspNetUserRoles] AS [a]
      WHERE [a].[UserId] = @__p_0 AND [a].[RoleId] = @__p_1
info: Microsoft.EntityFrameworkCore.Database.Command[20101]
      Executed DbCommand (139ms) [Parameters=[@__normalizedRoleName_0='?' (Size = 256)], CommandType='Text', CommandTimeout='30']
      SELECT TOP(2) [a].[Id], [a].[ConcurrencyStamp], [a].[Name], [a].[NormalizedName]
      FROM [AspNetRoles] AS [a]
      WHERE [a].[NormalizedName] = @__normalizedRoleName_0
info: Microsoft.EntityFrameworkCore.Database.Command[20101]
      Executed DbCommand (166ms) [Parameters=[@__normalizedUserName_0='?' (Size = 256)], CommandType='Text', CommandTimeout='30']
      SELECT TOP(1) [a].[Id], [a].[AccessFailedCount], [a].[CompanyId], [a].[ConcurrencyStamp], [a].[CreatedDate], [a].[Email], [a].[EmailConfirmed], [a].[FullName], [a].[IsActive], [a].[LockoutEnabled], [a].[LockoutEnd], [a].[NormalizedEmail], [a].[NormalizedUserName], [a].[PasswordHash], [a].[PhoneNumber], [a].[PhoneNumberConfirmed], [a].[Role], [a].[SecurityStamp], [a].[TwoFactorEnabled], [a].[Username]
      FROM [AspNetUsers] AS [a]
      WHERE [a].[NormalizedUserName] = @__normalizedUserName_0
info: Microsoft.EntityFrameworkCore.Database.Command[20101]
      Executed DbCommand (116ms) [Parameters=[@__normalizedEmail_0='?' (Size = 256)], CommandType='Text', CommandTimeout='30']
      SELECT TOP(2) [a].[Id], [a].[AccessFailedCount], [a].[CompanyId], [a].[ConcurrencyStamp], [a].[CreatedDate], [a].[Email], [a].[EmailConfirmed], [a].[FullName], [a].[IsActive], [a].[LockoutEnabled], [a].[LockoutEnd], [a].[NormalizedEmail], [a].[NormalizedUserName], [a].[PasswordHash], [a].[PhoneNumber], [a].[PhoneNumberConfirmed], [a].[Role], [a].[SecurityStamp], [a].[TwoFactorEnabled], [a].[Username]
      FROM [AspNetUsers] AS [a]
      WHERE [a].[NormalizedEmail] = @__normalizedEmail_0
warn: Microsoft.EntityFrameworkCore.Database.Transaction[30004]
      Savepoints are disabled because Multiple Active Result Sets (MARS) is enabled. If 'SaveChanges' fails, then the transaction cannot be automatically rolled back to a known clean state. Instead, the transaction should be rolled back by the application before retrying 'SaveChanges'. See https://go.microsoft.com/fwlink/?linkid=2149338 for more information and examples. To identify the code which triggers this warning, call 'ConfigureWarnings(w => w.Throw(SqlServerEventId.SavepointsDisabledBecauseOfMARS))'.
info: Microsoft.EntityFrameworkCore.Database.Command[20101]
      Executed DbCommand (161ms) [Parameters=[@p0='?' (DbType = Int32), @p1='?' (DbType = Int32), @p21='?' (DbType = Int32), @p2='?' (DbType = Int32), @p3='?' (DbType = Int32), @p4='?' (Size = 4000), @p22='?' (Size = 4000), @p5='?' (DbType = DateTime2), @p6='?' (Size = 150), @p7='?' (DbType = Boolean), @p8='?' (Size = 100), @p9='?' (DbType = Boolean), @p10='?' (DbType = Boolean), @p11='?' (DbType = DateTimeOffset), @p12='?' (Size = 256), @p13='?' (Size = 256), @p14='?' (Size = 4000), @p15='?' (Size = 4000), @p16='?' (DbType = Boolean), @p17='?' (Size = 20), @p18='?' (Size = 4000), @p19='?' (DbType = Boolean), @p20='?' (Size = 50)], CommandType='Text', CommandTimeout='30']
      SET NOCOUNT ON;
      INSERT INTO [AspNetUserRoles] ([RoleId], [UserId])
      VALUES (@p0, @p1);
      UPDATE [AspNetUsers] SET [AccessFailedCount] = @p2, [CompanyId] = @p3, [ConcurrencyStamp] = @p4, [CreatedDate] = @p5, [Email] = @p6, [EmailConfirmed] = @p7, [FullName] = @p8, [IsActive] = @p9, [LockoutEnabled] = @p10, [LockoutEnd] = @p11, [NormalizedEmail] = @p12, [NormalizedUserName] = @p13, [PasswordHash] = @p14, [PhoneNumber] = @p15, [PhoneNumberConfirmed] = @p16, [Role] = @p17, [SecurityStamp] = @p18, [TwoFactorEnabled] = @p19, [Username] = @p20
      OUTPUT 1
      WHERE [Id] = @p21 AND [ConcurrencyStamp] = @p22;
warn: Microsoft.EntityFrameworkCore.Database.Transaction[30004]
      Savepoints are disabled because Multiple Active Result Sets (MARS) is enabled. If 'SaveChanges' fails, then the transaction cannot be automatically rolled back to a known clean state. Instead, the transaction should be rolled back by the application before retrying 'SaveChanges'. See https://go.microsoft.com/fwlink/?linkid=2149338 for more information and examples. To identify the code which triggers this warning, call 'ConfigureWarnings(w => w.Throw(SqlServerEventId.SavepointsDisabledBecauseOfMARS))'.
info: Microsoft.EntityFrameworkCore.Database.Command[20101]
      Executed DbCommand (136ms) [Parameters=[@p0='?' (DbType = Int32), @p1='?' (Size = 100), @p2='?' (Size = 500), @p3='?' (Size = 50), @p4='?' (Size = 20), @p5='?' (DbType = DateTime2), @p6='?' (DbType = Int32)], CommandType='Text', CommandTimeout='30']
      SET IMPLICIT_TRANSACTIONS OFF;
      SET NOCOUNT ON;
      INSERT INTO [Logs] ([CompanyId], [IpAddress], [Islem], [KullaniciAdi], [Rol], [Tarih], [UserId])
      OUTPUT INSERTED.[Id]
      VALUES (@p0, @p1, @p2, @p3, @p4, @p5, @p6);
info: Microsoft.EntityFrameworkCore.Database.Command[20101]
      Executed DbCommand (152ms) [Parameters=[@__companyId_0='?' (DbType = Int32)], CommandType='Text', CommandTimeout='30']
      SELECT TOP(1) [c].[Id], [c].[CompanyCode], [c].[CompanyName], [c].[CreatedDate], [c].[PlanType]
      FROM [Companies] AS [c]
      WHERE [c].[Id] = @__companyId_0
info: Microsoft.EntityFrameworkCore.Database.Command[20101]
      Executed DbCommand (109ms) [Parameters=[@__companyId_0='?' (DbType = Int32)], CommandType='Text', CommandTimeout='30']
      SELECT [a].[Id], [a].[AccessFailedCount], [a].[CompanyId], [a].[ConcurrencyStamp], [a].[CreatedDate], [a].[Email], [a].[EmailConfirmed], [a].[FullName], [a].[IsActive], [a].[LockoutEnabled], [a].[LockoutEnd], [a].[NormalizedEmail], [a].[NormalizedUserName], [a].[PasswordHash], [a].[PhoneNumber], [a].[PhoneNumberConfirmed], [a].[Role], [a].[SecurityStamp], [a].[TwoFactorEnabled], [a].[Username]
      FROM [AspNetUsers] AS [a]
      WHERE [a].[CompanyId] = @__companyId_0 AND [a].[IsActive] = CAST(1 AS bit)
      ORDER BY [a].[Id] DESC
info: Microsoft.EntityFrameworkCore.Database.Command[20101]
      Executed DbCommand (116ms) [Parameters=[@__ef_filter__p_0='?' (DbType = Boolean), @__ef_filter__CurrentCompanyId_1='?' (DbType = Int32)], CommandType='Text', CommandTimeout='30']
      SELECT COUNT(*)
      FROM [Products] AS [p]
      WHERE @__ef_filter__p_0 = CAST(1 AS bit) AND [p].[CompanyId] = @__ef_filter__CurrentCompanyId_1
info: Microsoft.EntityFrameworkCore.Database.Command[20101]
      Executed DbCommand (123ms) [Parameters=[@__ef_filter__p_0='?' (DbType = Boolean), @__ef_filter__CurrentCompanyId_1='?' (DbType = Int32)], CommandType='Text', CommandTimeout='30']
      SELECT COUNT(*)
      FROM [Kategoriler] AS [k]
      WHERE @__ef_filter__p_0 = CAST(1 AS bit) AND [k].[CompanyId] = @__ef_filter__CurrentCompanyId_1
info: Microsoft.EntityFrameworkCore.Database.Command[20101]
      Executed DbCommand (151ms) [Parameters=[@__username_0='?' (Size = 50)], CommandType='Text', CommandTimeout='30']
      SELECT TOP(1) [a].[Id], [a].[AccessFailedCount], [a].[CompanyId], [a].[ConcurrencyStamp], [a].[CreatedDate], [a].[Email], [a].[EmailConfirmed], [a].[FullName], [a].[IsActive], [a].[LockoutEnabled], [a].[LockoutEnd], [a].[NormalizedEmail], [a].[NormalizedUserName], [a].[PasswordHash], [a].[PhoneNumber], [a].[PhoneNumberConfirmed], [a].[Role], [a].[SecurityStamp], [a].[TwoFactorEnabled], [a].[Username], [c].[Id], [c].[CompanyCode], [c].[CompanyName], [c].[CreatedDate], [c].[PlanType]
      FROM [AspNetUsers] AS [a]
      INNER JOIN [Companies] AS [c] ON [a].[CompanyId] = [c].[Id]
      WHERE [a].[Username] = @__username_0
info: Microsoft.EntityFrameworkCore.Database.Command[20101]
      Executed DbCommand (127ms) [Parameters=[@__user_Id_0='?' (DbType = Int32)], CommandType='Text', CommandTimeout='30']
      SELECT [a].[Id], [a].[ClaimType], [a].[ClaimValue], [a].[UserId]
      FROM [AspNetUserClaims] AS [a]
      WHERE [a].[UserId] = @__user_Id_0
info: Microsoft.EntityFrameworkCore.Database.Command[20101]
      Executed DbCommand (105ms) [Parameters=[@__userId_0='?' (DbType = Int32)], CommandType='Text', CommandTimeout='30']
      SELECT [a0].[Name]
      FROM [AspNetUserRoles] AS [a]
      INNER JOIN [AspNetRoles] AS [a0] ON [a].[RoleId] = [a0].[Id]
      WHERE [a].[UserId] = @__userId_0
info: Microsoft.EntityFrameworkCore.Database.Command[20101]
      Executed DbCommand (118ms) [Parameters=[@__normalizedName_0='?' (Size = 256)], CommandType='Text', CommandTimeout='30']
      SELECT TOP(1) [a].[Id], [a].[ConcurrencyStamp], [a].[Name], [a].[NormalizedName]
      FROM [AspNetRoles] AS [a]
      WHERE [a].[NormalizedName] = @__normalizedName_0
info: Microsoft.EntityFrameworkCore.Database.Command[20101]
      Executed DbCommand (135ms) [Parameters=[@__role_Id_0='?' (DbType = Int32)], CommandType='Text', CommandTimeout='30']
      SELECT [a].[ClaimType], [a].[ClaimValue]
      FROM [AspNetRoleClaims] AS [a]
      WHERE [a].[RoleId] = @__role_Id_0
info: Microsoft.EntityFrameworkCore.Database.Command[20101]
      Executed DbCommand (132ms) [Parameters=[@p0='?' (DbType = Int32), @p1='?' (Size = 100), @p2='?' (Size = 500), @p3='?' (Size = 50), @p4='?' (Size = 20), @p5='?' (DbType = DateTime2), @p6='?' (DbType = Int32)], CommandType='Text', CommandTimeout='30']
      SET IMPLICIT_TRANSACTIONS OFF;
      SET NOCOUNT ON;
      INSERT INTO [Logs] ([CompanyId], [IpAddress], [Islem], [KullaniciAdi], [Rol], [Tarih], [UserId])
      OUTPUT INSERTED.[Id]
      VALUES (@p0, @p1, @p2, @p3, @p4, @p5, @p6);
info: Microsoft.EntityFrameworkCore.Database.Command[20101]
      Executed DbCommand (419ms) [Parameters=[@__ef_filter__p_0='?' (DbType = Boolean), @__ef_filter__CurrentCompanyId_1='?' (DbType = Int32)], CommandType='Text', CommandTimeout='30']
      SELECT [k].[Id], [k].[Aciklama], [k].[CompanyId], [k].[CreatedDate], [k].[IsActive], [k].[KategoriAd]
      FROM [Kategoriler] AS [k]
      WHERE @__ef_filter__p_0 = CAST(1 AS bit) AND [k].[CompanyId] = @__ef_filter__CurrentCompanyId_1
      ORDER BY [k].[KategoriAd]
info: Microsoft.EntityFrameworkCore.Database.Command[20101]
      Executed DbCommand (264ms) [Parameters=[@__ef_filter__p_0='?' (DbType = Boolean), @__ef_filter__CurrentCompanyId_1='?' (DbType = Int32), @__userId_0='?' (DbType = Int32), @__userId_1='?' (DbType = Int32)], CommandType='Text', CommandTimeout='30']
      SELECT [p].[Id], [p].[CompanyId], [p].[CreatedByUserId], [p].[CreatedDate], [p].[CriticalStock], [p].[IsActive], [p].[KategoriId], [p].[Name], [p].[Price], [p].[Stock], [p].[StockType], [p].[UserId], [t].[Id], [t].[Aciklama], [t].[CompanyId], [t].[CreatedDate], [t].[IsActive], [t].[KategoriAd]
      FROM [Products] AS [p]
      LEFT JOIN (
          SELECT [k].[Id], [k].[Aciklama], [k].[CompanyId], [k].[CreatedDate], [k].[IsActive], [k].[KategoriAd]
          FROM [Kategoriler] AS [k]
          WHERE @__ef_filter__p_0 = CAST(1 AS bit) AND [k].[CompanyId] = @__ef_filter__CurrentCompanyId_1
      ) AS [t] ON [p].[KategoriId] = [t].[Id]
      WHERE @__ef_filter__p_0 = CAST(1 AS bit) AND [p].[CompanyId] = @__ef_filter__CurrentCompanyId_1 AND [p].[IsActive] = CAST(1 AS bit) AND ([p].[CreatedByUserId] = @__userId_0 OR [p].[UserId] = @__userId_1)
      ORDER BY [p].[CreatedDate] DESC
info: Microsoft.EntityFrameworkCore.Database.Command[20101]
      Executed DbCommand (146ms) [Parameters=[@__ef_filter__p_0='?' (DbType = Boolean), @__ef_filter__CurrentCompanyId_1='?' (DbType = Int32)], CommandType='Text', CommandTimeout='30']
      SELECT [k].[Id], [k].[Aciklama], [k].[CompanyId], [k].[CreatedDate], [k].[IsActive], [k].[KategoriAd]
      FROM [Kategoriler] AS [k]
      WHERE @__ef_filter__p_0 = CAST(1 AS bit) AND [k].[CompanyId] = @__ef_filter__CurrentCompanyId_1
      ORDER BY [k].[KategoriAd]
info: Microsoft.EntityFrameworkCore.Database.Command[20101]
      Executed DbCommand (125ms) [Parameters=[@p0='?' (DbType = Int32), @p1='?' (Size = 100), @p2='?' (Size = 500), @p3='?' (Size = 50), @p4='?' (Size = 20), @p5='?' (DbType = DateTime2), @p6='?' (DbType = Int32), @p7='?' (DbType = Int32), @p8='?' (DbType = Int32), @p9='?' (DbType = DateTime2), @p10='?' (DbType = Int32), @p11='?' (DbType = Boolean), @p12='?' (DbType = Int32), @p13='?' (Size = 150), @p14='?' (Precision = 18) (Scale = 2) (DbType = Decimal), @p15='?' (DbType = Int32), @p16='?' (Size = 50), @p17='?' (DbType = Int32)], CommandType='Text', CommandTimeout='30']
      SET NOCOUNT ON;
      INSERT INTO [Logs] ([CompanyId], [IpAddress], [Islem], [KullaniciAdi], [Rol], [Tarih], [UserId])
      OUTPUT INSERTED.[Id]
      VALUES (@p0, @p1, @p2, @p3, @p4, @p5, @p6);
      INSERT INTO [Products] ([CompanyId], [CreatedByUserId], [CreatedDate], [CriticalStock], [IsActive], [KategoriId], [Name], [Price], [Stock], [StockType], [UserId])
      OUTPUT INSERTED.[Id]
      VALUES (@p7, @p8, @p9, @p10, @p11, @p12, @p13, @p14, @p15, @p16, @p17);
info: Microsoft.EntityFrameworkCore.Database.Command[20101]
      Executed DbCommand (108ms) [Parameters=[@__ToLower_0='?' (Size = 50)], CommandType='Text', CommandTimeout='30']
      SELECT CASE
          WHEN EXISTS (
              SELECT 1
              FROM [AspNetUsers] AS [a]
              WHERE LOWER([a].[Username]) = @__ToLower_0) THEN CAST(1 AS bit)
          ELSE CAST(0 AS bit)
      END
info: Microsoft.EntityFrameworkCore.Database.Command[20101]
      Executed DbCommand (105ms) [Parameters=[@__ToLower_0='?' (Size = 150)], CommandType='Text', CommandTimeout='30']
      SELECT CASE
          WHEN EXISTS (
              SELECT 1
              FROM [AspNetUsers] AS [a]
              WHERE [a].[Email] IS NOT NULL AND LOWER([a].[Email]) = @__ToLower_0) THEN CAST(1 AS bit)
          ELSE CAST(0 AS bit)
      END
warn: Microsoft.EntityFrameworkCore.Database.Transaction[30004]
      Savepoints are disabled because Multiple Active Result Sets (MARS) is enabled. If 'SaveChanges' fails, then the transaction cannot be automatically rolled back to a known clean state. Instead, the transaction should be rolled back by the application before retrying 'SaveChanges'. See https://go.microsoft.com/fwlink/?linkid=2149338 for more information and examples. To identify the code which triggers this warning, call 'ConfigureWarnings(w => w.Throw(SqlServerEventId.SavepointsDisabledBecauseOfMARS))'.
info: Microsoft.EntityFrameworkCore.Database.Command[20101]
      Executed DbCommand (380ms) [Parameters=[@p0='?' (Size = 20), @p1='?' (Size = 150), @p2='?' (DbType = DateTime2), @p3='?' (Size = 20)], CommandType='Text', CommandTimeout='30']
      SET IMPLICIT_TRANSACTIONS OFF;
      SET NOCOUNT ON;
      INSERT INTO [Companies] ([CompanyCode], [CompanyName], [CreatedDate], [PlanType])
      OUTPUT INSERTED.[Id]
      VALUES (@p0, @p1, @p2, @p3);
info: Microsoft.EntityFrameworkCore.Database.Command[20101]
      Executed DbCommand (123ms) [Parameters=[@__normalizedUserName_0='?' (Size = 256)], CommandType='Text', CommandTimeout='30']
      SELECT TOP(1) [a].[Id], [a].[AccessFailedCount], [a].[CompanyId], [a].[ConcurrencyStamp], [a].[CreatedDate], [a].[Email], [a].[EmailConfirmed], [a].[FullName], [a].[IsActive], [a].[LockoutEnabled], [a].[LockoutEnd], [a].[NormalizedEmail], [a].[NormalizedUserName], [a].[PasswordHash], [a].[PhoneNumber], [a].[PhoneNumberConfirmed], [a].[Role], [a].[SecurityStamp], [a].[TwoFactorEnabled], [a].[Username]
      FROM [AspNetUsers] AS [a]
      WHERE [a].[NormalizedUserName] = @__normalizedUserName_0
info: Microsoft.EntityFrameworkCore.Database.Command[20101]
      Executed DbCommand (111ms) [Parameters=[@__normalizedEmail_0='?' (Size = 256)], CommandType='Text', CommandTimeout='30']
      SELECT TOP(2) [a].[Id], [a].[AccessFailedCount], [a].[CompanyId], [a].[ConcurrencyStamp], [a].[CreatedDate], [a].[Email], [a].[EmailConfirmed], [a].[FullName], [a].[IsActive], [a].[LockoutEnabled], [a].[LockoutEnd], [a].[NormalizedEmail], [a].[NormalizedUserName], [a].[PasswordHash], [a].[PhoneNumber], [a].[PhoneNumberConfirmed], [a].[Role], [a].[SecurityStamp], [a].[TwoFactorEnabled], [a].[Username]
      FROM [AspNetUsers] AS [a]
      WHERE [a].[NormalizedEmail] = @__normalizedEmail_0
warn: Microsoft.EntityFrameworkCore.Database.Transaction[30004]
      Savepoints are disabled because Multiple Active Result Sets (MARS) is enabled. If 'SaveChanges' fails, then the transaction cannot be automatically rolled back to a known clean state. Instead, the transaction should be rolled back by the application before retrying 'SaveChanges'. See https://go.microsoft.com/fwlink/?linkid=2149338 for more information and examples. To identify the code which triggers this warning, call 'ConfigureWarnings(w => w.Throw(SqlServerEventId.SavepointsDisabledBecauseOfMARS))'.
info: Microsoft.EntityFrameworkCore.Database.Command[20101]
      Executed DbCommand (150ms) [Parameters=[@p0='?' (DbType = Int32), @p1='?' (DbType = Int32), @p2='?' (Size = 4000), @p3='?' (DbType = DateTime2), @p4='?' (Size = 150), @p5='?' (DbType = Boolean), @p6='?' (Size = 100), @p7='?' (DbType = Boolean), @p8='?' (DbType = Boolean), @p9='?' (DbType = DateTimeOffset), @p10='?' (Size = 256), @p11='?' (Size = 256), @p12='?' (Size = 4000), @p13='?' (Size = 4000), @p14='?' (DbType = Boolean), @p15='?' (Size = 20), @p16='?' (Size = 4000), @p17='?' (DbType = Boolean), @p18='?' (Size = 50)], CommandType='Text', CommandTimeout='30']
      SET IMPLICIT_TRANSACTIONS OFF;
      SET NOCOUNT ON;
      INSERT INTO [AspNetUsers] ([AccessFailedCount], [CompanyId], [ConcurrencyStamp], [CreatedDate], [Email], [EmailConfirmed], [FullName], [IsActive], [LockoutEnabled], [LockoutEnd], [NormalizedEmail], [NormalizedUserName], [PasswordHash], [PhoneNumber], [PhoneNumberConfirmed], [Role], [SecurityStamp], [TwoFactorEnabled], [Username])
      OUTPUT INSERTED.[Id]
      VALUES (@p0, @p1, @p2, @p3, @p4, @p5, @p6, @p7, @p8, @p9, @p10, @p11, @p12, @p13, @p14, @p15, @p16, @p17, @p18);
info: Microsoft.EntityFrameworkCore.Database.Command[20101]
      Executed DbCommand (85ms) [Parameters=[@__normalizedRoleName_0='?' (Size = 256)], CommandType='Text', CommandTimeout='30']
      SELECT TOP(2) [a].[Id], [a].[ConcurrencyStamp], [a].[Name], [a].[NormalizedName]
      FROM [AspNetRoles] AS [a]
      WHERE [a].[NormalizedName] = @__normalizedRoleName_0
info: Microsoft.EntityFrameworkCore.Database.Command[20101]
      Executed DbCommand (75ms) [Parameters=[@__p_0='?' (DbType = Int32), @__p_1='?' (DbType = Int32)], CommandType='Text', CommandTimeout='30']
      SELECT TOP(1) [a].[UserId], [a].[RoleId]
      FROM [AspNetUserRoles] AS [a]
      WHERE [a].[UserId] = @__p_0 AND [a].[RoleId] = @__p_1
info: Microsoft.EntityFrameworkCore.Database.Command[20101]
      Executed DbCommand (155ms) [Parameters=[@__normalizedRoleName_0='?' (Size = 256)], CommandType='Text', CommandTimeout='30']
      SELECT TOP(2) [a].[Id], [a].[ConcurrencyStamp], [a].[Name], [a].[NormalizedName]
      FROM [AspNetRoles] AS [a]
      WHERE [a].[NormalizedName] = @__normalizedRoleName_0
info: Microsoft.EntityFrameworkCore.Database.Command[20101]
      Executed DbCommand (148ms) [Parameters=[@__normalizedUserName_0='?' (Size = 256)], CommandType='Text', CommandTimeout='30']
      SELECT TOP(1) [a].[Id], [a].[AccessFailedCount], [a].[CompanyId], [a].[ConcurrencyStamp], [a].[CreatedDate], [a].[Email], [a].[EmailConfirmed], [a].[FullName], [a].[IsActive], [a].[LockoutEnabled], [a].[LockoutEnd], [a].[NormalizedEmail], [a].[NormalizedUserName], [a].[PasswordHash], [a].[PhoneNumber], [a].[PhoneNumberConfirmed], [a].[Role], [a].[SecurityStamp], [a].[TwoFactorEnabled], [a].[Username]
      FROM [AspNetUsers] AS [a]
      WHERE [a].[NormalizedUserName] = @__normalizedUserName_0
info: Microsoft.EntityFrameworkCore.Database.Command[20101]
      Executed DbCommand (135ms) [Parameters=[@__normalizedEmail_0='?' (Size = 256)], CommandType='Text', CommandTimeout='30']
      SELECT TOP(2) [a].[Id], [a].[AccessFailedCount], [a].[CompanyId], [a].[ConcurrencyStamp], [a].[CreatedDate], [a].[Email], [a].[EmailConfirmed], [a].[FullName], [a].[IsActive], [a].[LockoutEnabled], [a].[LockoutEnd], [a].[NormalizedEmail], [a].[NormalizedUserName], [a].[PasswordHash], [a].[PhoneNumber], [a].[PhoneNumberConfirmed], [a].[Role], [a].[SecurityStamp], [a].[TwoFactorEnabled], [a].[Username]
      FROM [AspNetUsers] AS [a]
      WHERE [a].[NormalizedEmail] = @__normalizedEmail_0
warn: Microsoft.EntityFrameworkCore.Database.Transaction[30004]
      Savepoints are disabled because Multiple Active Result Sets (MARS) is enabled. If 'SaveChanges' fails, then the transaction cannot be automatically rolled back to a known clean state. Instead, the transaction should be rolled back by the application before retrying 'SaveChanges'. See https://go.microsoft.com/fwlink/?linkid=2149338 for more information and examples. To identify the code which triggers this warning, call 'ConfigureWarnings(w => w.Throw(SqlServerEventId.SavepointsDisabledBecauseOfMARS))'.
info: Microsoft.EntityFrameworkCore.Database.Command[20101]
      Executed DbCommand (143ms) [Parameters=[@p0='?' (DbType = Int32), @p1='?' (DbType = Int32), @p21='?' (DbType = Int32), @p2='?' (DbType = Int32), @p3='?' (DbType = Int32), @p4='?' (Size = 4000), @p22='?' (Size = 4000), @p5='?' (DbType = DateTime2), @p6='?' (Size = 150), @p7='?' (DbType = Boolean), @p8='?' (Size = 100), @p9='?' (DbType = Boolean), @p10='?' (DbType = Boolean), @p11='?' (DbType = DateTimeOffset), @p12='?' (Size = 256), @p13='?' (Size = 256), @p14='?' (Size = 4000), @p15='?' (Size = 4000), @p16='?' (DbType = Boolean), @p17='?' (Size = 20), @p18='?' (Size = 4000), @p19='?' (DbType = Boolean), @p20='?' (Size = 50)], CommandType='Text', CommandTimeout='30']
      SET NOCOUNT ON;
      INSERT INTO [AspNetUserRoles] ([RoleId], [UserId])
      VALUES (@p0, @p1);
      UPDATE [AspNetUsers] SET [AccessFailedCount] = @p2, [CompanyId] = @p3, [ConcurrencyStamp] = @p4, [CreatedDate] = @p5, [Email] = @p6, [EmailConfirmed] = @p7, [FullName] = @p8, [IsActive] = @p9, [LockoutEnabled] = @p10, [LockoutEnd] = @p11, [NormalizedEmail] = @p12, [NormalizedUserName] = @p13, [PasswordHash] = @p14, [PhoneNumber] = @p15, [PhoneNumberConfirmed] = @p16, [Role] = @p17, [SecurityStamp] = @p18, [TwoFactorEnabled] = @p19, [Username] = @p20
      OUTPUT 1
      WHERE [Id] = @p21 AND [ConcurrencyStamp] = @p22;
warn: Microsoft.EntityFrameworkCore.Database.Transaction[30004]
      Savepoints are disabled because Multiple Active Result Sets (MARS) is enabled. If 'SaveChanges' fails, then the transaction cannot be automatically rolled back to a known clean state. Instead, the transaction should be rolled back by the application before retrying 'SaveChanges'. See https://go.microsoft.com/fwlink/?linkid=2149338 for more information and examples. To identify the code which triggers this warning, call 'ConfigureWarnings(w => w.Throw(SqlServerEventId.SavepointsDisabledBecauseOfMARS))'.
info: Microsoft.EntityFrameworkCore.Database.Command[20101]
      Executed DbCommand (154ms) [Parameters=[@p0='?' (DbType = Int32), @p1='?' (Size = 100), @p2='?' (Size = 500), @p3='?' (Size = 50), @p4='?' (Size = 20), @p5='?' (DbType = DateTime2), @p6='?' (DbType = Int32)], CommandType='Text', CommandTimeout='30']
      SET IMPLICIT_TRANSACTIONS OFF;
      SET NOCOUNT ON;
      INSERT INTO [Logs] ([CompanyId], [IpAddress], [Islem], [KullaniciAdi], [Rol], [Tarih], [UserId])
      OUTPUT INSERTED.[Id]
      VALUES (@p0, @p1, @p2, @p3, @p4, @p5, @p6);
info: Microsoft.EntityFrameworkCore.Database.Command[20101]
      Executed DbCommand (187ms) [Parameters=[@__username_0='?' (Size = 50)], CommandType='Text', CommandTimeout='30']
      SELECT TOP(1) [a].[Id], [a].[AccessFailedCount], [a].[CompanyId], [a].[ConcurrencyStamp], [a].[CreatedDate], [a].[Email], [a].[EmailConfirmed], [a].[FullName], [a].[IsActive], [a].[LockoutEnabled], [a].[LockoutEnd], [a].[NormalizedEmail], [a].[NormalizedUserName], [a].[PasswordHash], [a].[PhoneNumber], [a].[PhoneNumberConfirmed], [a].[Role], [a].[SecurityStamp], [a].[TwoFactorEnabled], [a].[Username], [c].[Id], [c].[CompanyCode], [c].[CompanyName], [c].[CreatedDate], [c].[PlanType]
      FROM [AspNetUsers] AS [a]
      INNER JOIN [Companies] AS [c] ON [a].[CompanyId] = [c].[Id]
      WHERE [a].[Username] = @__username_0
info: Microsoft.EntityFrameworkCore.Database.Command[20101]
      Executed DbCommand (198ms) [Parameters=[@__user_Id_0='?' (DbType = Int32)], CommandType='Text', CommandTimeout='30']
      SELECT [a].[Id], [a].[ClaimType], [a].[ClaimValue], [a].[UserId]
      FROM [AspNetUserClaims] AS [a]
      WHERE [a].[UserId] = @__user_Id_0
info: Microsoft.EntityFrameworkCore.Database.Command[20101]
      Executed DbCommand (420ms) [Parameters=[@__userId_0='?' (DbType = Int32)], CommandType='Text', CommandTimeout='30']
      SELECT [a0].[Name]
      FROM [AspNetUserRoles] AS [a]
      INNER JOIN [AspNetRoles] AS [a0] ON [a].[RoleId] = [a0].[Id]
      WHERE [a].[UserId] = @__userId_0
info: Microsoft.EntityFrameworkCore.Database.Command[20101]
      Executed DbCommand (129ms) [Parameters=[@__normalizedName_0='?' (Size = 256)], CommandType='Text', CommandTimeout='30']
      SELECT TOP(1) [a].[Id], [a].[ConcurrencyStamp], [a].[Name], [a].[NormalizedName]
      FROM [AspNetRoles] AS [a]
      WHERE [a].[NormalizedName] = @__normalizedName_0
info: Microsoft.EntityFrameworkCore.Database.Command[20101]
      Executed DbCommand (415ms) [Parameters=[@__role_Id_0='?' (DbType = Int32)], CommandType='Text', CommandTimeout='30']
      SELECT [a].[ClaimType], [a].[ClaimValue]
      FROM [AspNetRoleClaims] AS [a]
      WHERE [a].[RoleId] = @__role_Id_0
info: Microsoft.EntityFrameworkCore.Database.Command[20101]
      Executed DbCommand (416ms) [Parameters=[@p0='?' (DbType = Int32), @p1='?' (Size = 100), @p2='?' (Size = 500), @p3='?' (Size = 50), @p4='?' (Size = 20), @p5='?' (DbType = DateTime2), @p6='?' (DbType = Int32)], CommandType='Text', CommandTimeout='30']
      SET IMPLICIT_TRANSACTIONS OFF;
      SET NOCOUNT ON;
      INSERT INTO [Logs] ([CompanyId], [IpAddress], [Islem], [KullaniciAdi], [Rol], [Tarih], [UserId])
      OUTPUT INSERTED.[Id]
      VALUES (@p0, @p1, @p2, @p3, @p4, @p5, @p6);
info: Microsoft.EntityFrameworkCore.Database.Command[20101]
      Executed DbCommand (1,560ms) [Parameters=[@__ToLower_0='?' (Size = 50)], CommandType='Text', CommandTimeout='30']
      SELECT CASE
          WHEN EXISTS (
              SELECT 1
              FROM [AspNetUsers] AS [a]
              WHERE LOWER([a].[Username]) = @__ToLower_0) THEN CAST(1 AS bit)
          ELSE CAST(0 AS bit)
      END
info: Microsoft.EntityFrameworkCore.Database.Command[20101]
      Executed DbCommand (107ms) [Parameters=[@__ToLower_0='?' (Size = 150)], CommandType='Text', CommandTimeout='30']
      SELECT CASE
          WHEN EXISTS (
              SELECT 1
              FROM [AspNetUsers] AS [a]
              WHERE [a].[Email] IS NOT NULL AND LOWER([a].[Email]) = @__ToLower_0) THEN CAST(1 AS bit)
          ELSE CAST(0 AS bit)
      END
info: Microsoft.EntityFrameworkCore.Database.Command[20101]
      Executed DbCommand (145ms) [Parameters=[@__username_0='?' (Size = 50)], CommandType='Text', CommandTimeout='30']
      SELECT TOP(1) [a].[Id], [a].[AccessFailedCount], [a].[CompanyId], [a].[ConcurrencyStamp], [a].[CreatedDate], [a].[Email], [a].[EmailConfirmed], [a].[FullName], [a].[IsActive], [a].[LockoutEnabled], [a].[LockoutEnd], [a].[NormalizedEmail], [a].[NormalizedUserName], [a].[PasswordHash], [a].[PhoneNumber], [a].[PhoneNumberConfirmed], [a].[Role], [a].[SecurityStamp], [a].[TwoFactorEnabled], [a].[Username], [c].[Id], [c].[CompanyCode], [c].[CompanyName], [c].[CreatedDate], [c].[PlanType]
      FROM [AspNetUsers] AS [a]
      INNER JOIN [Companies] AS [c] ON [a].[CompanyId] = [c].[Id]
      WHERE [a].[Username] = @__username_0
info: Microsoft.EntityFrameworkCore.Database.Command[20101]
      Executed DbCommand (92ms) [Parameters=[@__ToLower_0='?' (Size = 50)], CommandType='Text', CommandTimeout='30']
      SELECT CASE
          WHEN EXISTS (
              SELECT 1
              FROM [AspNetUsers] AS [a]
              WHERE LOWER([a].[Username]) = @__ToLower_0) THEN CAST(1 AS bit)
          ELSE CAST(0 AS bit)
      END
info: Microsoft.EntityFrameworkCore.Database.Command[20101]
      Executed DbCommand (97ms) [Parameters=[@__ToLower_0='?' (Size = 150)], CommandType='Text', CommandTimeout='30']
      SELECT CASE
          WHEN EXISTS (
              SELECT 1
              FROM [AspNetUsers] AS [a]
              WHERE [a].[Email] IS NOT NULL AND LOWER([a].[Email]) = @__ToLower_0) THEN CAST(1 AS bit)
          ELSE CAST(0 AS bit)
      END
warn: Microsoft.EntityFrameworkCore.Database.Transaction[30004]
      Savepoints are disabled because Multiple Active Result Sets (MARS) is enabled. If 'SaveChanges' fails, then the transaction cannot be automatically rolled back to a known clean state. Instead, the transaction should be rolled back by the application before retrying 'SaveChanges'. See https://go.microsoft.com/fwlink/?linkid=2149338 for more information and examples. To identify the code which triggers this warning, call 'ConfigureWarnings(w => w.Throw(SqlServerEventId.SavepointsDisabledBecauseOfMARS))'.
info: Microsoft.EntityFrameworkCore.Database.Command[20101]
      Executed DbCommand (115ms) [Parameters=[@p0='?' (Size = 20), @p1='?' (Size = 150), @p2='?' (DbType = DateTime2), @p3='?' (Size = 20)], CommandType='Text', CommandTimeout='30']
      SET IMPLICIT_TRANSACTIONS OFF;
      SET NOCOUNT ON;
      INSERT INTO [Companies] ([CompanyCode], [CompanyName], [CreatedDate], [PlanType])
      OUTPUT INSERTED.[Id]
      VALUES (@p0, @p1, @p2, @p3);
info: Microsoft.EntityFrameworkCore.Database.Command[20101]
      Executed DbCommand (143ms) [Parameters=[@__normalizedUserName_0='?' (Size = 256)], CommandType='Text', CommandTimeout='30']
      SELECT TOP(1) [a].[Id], [a].[AccessFailedCount], [a].[CompanyId], [a].[ConcurrencyStamp], [a].[CreatedDate], [a].[Email], [a].[EmailConfirmed], [a].[FullName], [a].[IsActive], [a].[LockoutEnabled], [a].[LockoutEnd], [a].[NormalizedEmail], [a].[NormalizedUserName], [a].[PasswordHash], [a].[PhoneNumber], [a].[PhoneNumberConfirmed], [a].[Role], [a].[SecurityStamp], [a].[TwoFactorEnabled], [a].[Username]
      FROM [AspNetUsers] AS [a]
      WHERE [a].[NormalizedUserName] = @__normalizedUserName_0
info: Microsoft.EntityFrameworkCore.Database.Command[20101]
      Executed DbCommand (446ms) [Parameters=[@__normalizedEmail_0='?' (Size = 256)], CommandType='Text', CommandTimeout='30']
      SELECT TOP(2) [a].[Id], [a].[AccessFailedCount], [a].[CompanyId], [a].[ConcurrencyStamp], [a].[CreatedDate], [a].[Email], [a].[EmailConfirmed], [a].[FullName], [a].[IsActive], [a].[LockoutEnabled], [a].[LockoutEnd], [a].[NormalizedEmail], [a].[NormalizedUserName], [a].[PasswordHash], [a].[PhoneNumber], [a].[PhoneNumberConfirmed], [a].[Role], [a].[SecurityStamp], [a].[TwoFactorEnabled], [a].[Username]
      FROM [AspNetUsers] AS [a]
      WHERE [a].[NormalizedEmail] = @__normalizedEmail_0
warn: Microsoft.EntityFrameworkCore.Database.Transaction[30004]
      Savepoints are disabled because Multiple Active Result Sets (MARS) is enabled. If 'SaveChanges' fails, then the transaction cannot be automatically rolled back to a known clean state. Instead, the transaction should be rolled back by the application before retrying 'SaveChanges'. See https://go.microsoft.com/fwlink/?linkid=2149338 for more information and examples. To identify the code which triggers this warning, call 'ConfigureWarnings(w => w.Throw(SqlServerEventId.SavepointsDisabledBecauseOfMARS))'.
info: Microsoft.EntityFrameworkCore.Database.Command[20101]
      Executed DbCommand (110ms) [Parameters=[@p0='?' (DbType = Int32), @p1='?' (DbType = Int32), @p2='?' (Size = 4000), @p3='?' (DbType = DateTime2), @p4='?' (Size = 150), @p5='?' (DbType = Boolean), @p6='?' (Size = 100), @p7='?' (DbType = Boolean), @p8='?' (DbType = Boolean), @p9='?' (DbType = DateTimeOffset), @p10='?' (Size = 256), @p11='?' (Size = 256), @p12='?' (Size = 4000), @p13='?' (Size = 4000), @p14='?' (DbType = Boolean), @p15='?' (Size = 20), @p16='?' (Size = 4000), @p17='?' (DbType = Boolean), @p18='?' (Size = 50)], CommandType='Text', CommandTimeout='30']
      SET IMPLICIT_TRANSACTIONS OFF;
      SET NOCOUNT ON;
      INSERT INTO [AspNetUsers] ([AccessFailedCount], [CompanyId], [ConcurrencyStamp], [CreatedDate], [Email], [EmailConfirmed], [FullName], [IsActive], [LockoutEnabled], [LockoutEnd], [NormalizedEmail], [NormalizedUserName], [PasswordHash], [PhoneNumber], [PhoneNumberConfirmed], [Role], [SecurityStamp], [TwoFactorEnabled], [Username])
      OUTPUT INSERTED.[Id]
      VALUES (@p0, @p1, @p2, @p3, @p4, @p5, @p6, @p7, @p8, @p9, @p10, @p11, @p12, @p13, @p14, @p15, @p16, @p17, @p18);
info: Microsoft.EntityFrameworkCore.Database.Command[20101]
      Executed DbCommand (440ms) [Parameters=[@__normalizedRoleName_0='?' (Size = 256)], CommandType='Text', CommandTimeout='30']
      SELECT TOP(2) [a].[Id], [a].[ConcurrencyStamp], [a].[Name], [a].[NormalizedName]
      FROM [AspNetRoles] AS [a]
      WHERE [a].[NormalizedName] = @__normalizedRoleName_0
info: Microsoft.EntityFrameworkCore.Database.Command[20101]
      Executed DbCommand (112ms) [Parameters=[@__p_0='?' (DbType = Int32), @__p_1='?' (DbType = Int32)], CommandType='Text', CommandTimeout='30']
      SELECT TOP(1) [a].[UserId], [a].[RoleId]
      FROM [AspNetUserRoles] AS [a]
      WHERE [a].[UserId] = @__p_0 AND [a].[RoleId] = @__p_1
info: Microsoft.EntityFrameworkCore.Database.Command[20101]
      Executed DbCommand (128ms) [Parameters=[@__normalizedRoleName_0='?' (Size = 256)], CommandType='Text', CommandTimeout='30']
      SELECT TOP(2) [a].[Id], [a].[ConcurrencyStamp], [a].[Name], [a].[NormalizedName]
      FROM [AspNetRoles] AS [a]
      WHERE [a].[NormalizedName] = @__normalizedRoleName_0
info: Microsoft.EntityFrameworkCore.Database.Command[20101]
      Executed DbCommand (146ms) [Parameters=[@__normalizedUserName_0='?' (Size = 256)], CommandType='Text', CommandTimeout='30']
      SELECT TOP(1) [a].[Id], [a].[AccessFailedCount], [a].[CompanyId], [a].[ConcurrencyStamp], [a].[CreatedDate], [a].[Email], [a].[EmailConfirmed], [a].[FullName], [a].[IsActive], [a].[LockoutEnabled], [a].[LockoutEnd], [a].[NormalizedEmail], [a].[NormalizedUserName], [a].[PasswordHash], [a].[PhoneNumber], [a].[PhoneNumberConfirmed], [a].[Role], [a].[SecurityStamp], [a].[TwoFactorEnabled], [a].[Username]
      FROM [AspNetUsers] AS [a]
      WHERE [a].[NormalizedUserName] = @__normalizedUserName_0
info: Microsoft.EntityFrameworkCore.Database.Command[20101]
      Executed DbCommand (140ms) [Parameters=[@__normalizedEmail_0='?' (Size = 256)], CommandType='Text', CommandTimeout='30']
      SELECT TOP(2) [a].[Id], [a].[AccessFailedCount], [a].[CompanyId], [a].[ConcurrencyStamp], [a].[CreatedDate], [a].[Email], [a].[EmailConfirmed], [a].[FullName], [a].[IsActive], [a].[LockoutEnabled], [a].[LockoutEnd], [a].[NormalizedEmail], [a].[NormalizedUserName], [a].[PasswordHash], [a].[PhoneNumber], [a].[PhoneNumberConfirmed], [a].[Role], [a].[SecurityStamp], [a].[TwoFactorEnabled], [a].[Username]
      FROM [AspNetUsers] AS [a]
      WHERE [a].[NormalizedEmail] = @__normalizedEmail_0
warn: Microsoft.EntityFrameworkCore.Database.Transaction[30004]
      Savepoints are disabled because Multiple Active Result Sets (MARS) is enabled. If 'SaveChanges' fails, then the transaction cannot be automatically rolled back to a known clean state. Instead, the transaction should be rolled back by the application before retrying 'SaveChanges'. See https://go.microsoft.com/fwlink/?linkid=2149338 for more information and examples. To identify the code which triggers this warning, call 'ConfigureWarnings(w => w.Throw(SqlServerEventId.SavepointsDisabledBecauseOfMARS))'.
info: Microsoft.EntityFrameworkCore.Database.Command[20101]
      Executed DbCommand (110ms) [Parameters=[@p0='?' (DbType = Int32), @p1='?' (DbType = Int32), @p21='?' (DbType = Int32), @p2='?' (DbType = Int32), @p3='?' (DbType = Int32), @p4='?' (Size = 4000), @p22='?' (Size = 4000), @p5='?' (DbType = DateTime2), @p6='?' (Size = 150), @p7='?' (DbType = Boolean), @p8='?' (Size = 100), @p9='?' (DbType = Boolean), @p10='?' (DbType = Boolean), @p11='?' (DbType = DateTimeOffset), @p12='?' (Size = 256), @p13='?' (Size = 256), @p14='?' (Size = 4000), @p15='?' (Size = 4000), @p16='?' (DbType = Boolean), @p17='?' (Size = 20), @p18='?' (Size = 4000), @p19='?' (DbType = Boolean), @p20='?' (Size = 50)], CommandType='Text', CommandTimeout='30']
      SET NOCOUNT ON;
      INSERT INTO [AspNetUserRoles] ([RoleId], [UserId])
      VALUES (@p0, @p1);
      UPDATE [AspNetUsers] SET [AccessFailedCount] = @p2, [CompanyId] = @p3, [ConcurrencyStamp] = @p4, [CreatedDate] = @p5, [Email] = @p6, [EmailConfirmed] = @p7, [FullName] = @p8, [IsActive] = @p9, [LockoutEnabled] = @p10, [LockoutEnd] = @p11, [NormalizedEmail] = @p12, [NormalizedUserName] = @p13, [PasswordHash] = @p14, [PhoneNumber] = @p15, [PhoneNumberConfirmed] = @p16, [Role] = @p17, [SecurityStamp] = @p18, [TwoFactorEnabled] = @p19, [Username] = @p20
      OUTPUT 1
      WHERE [Id] = @p21 AND [ConcurrencyStamp] = @p22;
warn: Microsoft.EntityFrameworkCore.Database.Transaction[30004]
      Savepoints are disabled because Multiple Active Result Sets (MARS) is enabled. If 'SaveChanges' fails, then the transaction cannot be automatically rolled back to a known clean state. Instead, the transaction should be rolled back by the application before retrying 'SaveChanges'. See https://go.microsoft.com/fwlink/?linkid=2149338 for more information and examples. To identify the code which triggers this warning, call 'ConfigureWarnings(w => w.Throw(SqlServerEventId.SavepointsDisabledBecauseOfMARS))'.
info: Microsoft.EntityFrameworkCore.Database.Command[20101]
      Executed DbCommand (139ms) [Parameters=[@p0='?' (DbType = Int32), @p1='?' (Size = 100), @p2='?' (Size = 500), @p3='?' (Size = 50), @p4='?' (Size = 20), @p5='?' (DbType = DateTime2), @p6='?' (DbType = Int32)], CommandType='Text', CommandTimeout='30']
      SET IMPLICIT_TRANSACTIONS OFF;
      SET NOCOUNT ON;
      INSERT INTO [Logs] ([CompanyId], [IpAddress], [Islem], [KullaniciAdi], [Rol], [Tarih], [UserId])
      OUTPUT INSERTED.[Id]
      VALUES (@p0, @p1, @p2, @p3, @p4, @p5, @p6);
info: Microsoft.EntityFrameworkCore.Database.Command[20101]
      Executed DbCommand (186ms) [Parameters=[@__username_0='?' (Size = 50)], CommandType='Text', CommandTimeout='30']
      SELECT TOP(1) [a].[Id], [a].[AccessFailedCount], [a].[CompanyId], [a].[ConcurrencyStamp], [a].[CreatedDate], [a].[Email], [a].[EmailConfirmed], [a].[FullName], [a].[IsActive], [a].[LockoutEnabled], [a].[LockoutEnd], [a].[NormalizedEmail], [a].[NormalizedUserName], [a].[PasswordHash], [a].[PhoneNumber], [a].[PhoneNumberConfirmed], [a].[Role], [a].[SecurityStamp], [a].[TwoFactorEnabled], [a].[Username], [c].[Id], [c].[CompanyCode], [c].[CompanyName], [c].[CreatedDate], [c].[PlanType]
      FROM [AspNetUsers] AS [a]
      INNER JOIN [Companies] AS [c] ON [a].[CompanyId] = [c].[Id]
      WHERE [a].[Username] = @__username_0
info: Microsoft.EntityFrameworkCore.Database.Command[20101]
      Executed DbCommand (137ms) [Parameters=[@__user_Id_0='?' (DbType = Int32)], CommandType='Text', CommandTimeout='30']
      SELECT [a].[Id], [a].[ClaimType], [a].[ClaimValue], [a].[UserId]
      FROM [AspNetUserClaims] AS [a]
      WHERE [a].[UserId] = @__user_Id_0
info: Microsoft.EntityFrameworkCore.Database.Command[20101]
      Executed DbCommand (413ms) [Parameters=[@__userId_0='?' (DbType = Int32)], CommandType='Text', CommandTimeout='30']
      SELECT [a0].[Name]
      FROM [AspNetUserRoles] AS [a]
      INNER JOIN [AspNetRoles] AS [a0] ON [a].[RoleId] = [a0].[Id]
      WHERE [a].[UserId] = @__userId_0
info: Microsoft.EntityFrameworkCore.Database.Command[20101]
      Executed DbCommand (121ms) [Parameters=[@__normalizedName_0='?' (Size = 256)], CommandType='Text', CommandTimeout='30']
      SELECT TOP(1) [a].[Id], [a].[ConcurrencyStamp], [a].[Name], [a].[NormalizedName]
      FROM [AspNetRoles] AS [a]
      WHERE [a].[NormalizedName] = @__normalizedName_0
info: Microsoft.EntityFrameworkCore.Database.Command[20101]
      Executed DbCommand (105ms) [Parameters=[@__role_Id_0='?' (DbType = Int32)], CommandType='Text', CommandTimeout='30']
      SELECT [a].[ClaimType], [a].[ClaimValue]
      FROM [AspNetRoleClaims] AS [a]
      WHERE [a].[RoleId] = @__role_Id_0
info: Microsoft.EntityFrameworkCore.Database.Command[20101]
      Executed DbCommand (125ms) [Parameters=[@p0='?' (DbType = Int32), @p1='?' (Size = 100), @p2='?' (Size = 500), @p3='?' (Size = 50), @p4='?' (Size = 20), @p5='?' (DbType = DateTime2), @p6='?' (DbType = Int32)], CommandType='Text', CommandTimeout='30']
      SET IMPLICIT_TRANSACTIONS OFF;
      SET NOCOUNT ON;
      INSERT INTO [Logs] ([CompanyId], [IpAddress], [Islem], [KullaniciAdi], [Rol], [Tarih], [UserId])
      OUTPUT INSERTED.[Id]
      VALUES (@p0, @p1, @p2, @p3, @p4, @p5, @p6);
info: Microsoft.EntityFrameworkCore.Database.Command[20101]
      Executed DbCommand (133ms) [Parameters=[@__ef_filter__p_0='?' (DbType = Boolean), @__ef_filter__CurrentCompanyId_1='?' (DbType = Int32)], CommandType='Text', CommandTimeout='30']
      SELECT COUNT(*)
      FROM [Products] AS [p]
      WHERE @__ef_filter__p_0 = CAST(1 AS bit) AND [p].[CompanyId] = @__ef_filter__CurrentCompanyId_1 AND [p].[IsActive] = CAST(1 AS bit)
info: Microsoft.EntityFrameworkCore.Database.Command[20101]
      Executed DbCommand (108ms) [Parameters=[@__ef_filter__p_0='?' (DbType = Boolean), @__ef_filter__CurrentCompanyId_1='?' (DbType = Int32)], CommandType='Text', CommandTimeout='30']
      SELECT COUNT(*)
      FROM [Kategoriler] AS [k]
      WHERE @__ef_filter__p_0 = CAST(1 AS bit) AND [k].[CompanyId] = @__ef_filter__CurrentCompanyId_1
info: Microsoft.EntityFrameworkCore.Database.Command[20101]
      Executed DbCommand (158ms) [Parameters=[@__ef_filter__p_0='?' (DbType = Boolean), @__ef_filter__CurrentCompanyId_1='?' (DbType = Int32)], CommandType='Text', CommandTimeout='30']
      SELECT COUNT(*)
      FROM [Products] AS [p]
      WHERE @__ef_filter__p_0 = CAST(1 AS bit) AND [p].[CompanyId] = @__ef_filter__CurrentCompanyId_1 AND [p].[IsActive] = CAST(1 AS bit) AND COALESCE([p].[Stock], 0) <= [p].[CriticalStock]
info: Microsoft.EntityFrameworkCore.Database.Command[20101]
      Executed DbCommand (118ms) [Parameters=[@__ef_filter__p_0='?' (DbType = Boolean), @__ef_filter__CurrentCompanyId_1='?' (DbType = Int32)], CommandType='Text', CommandTimeout='30']
      SELECT COALESCE(SUM(COALESCE([p].[Price], 0.0) * CAST(COALESCE([p].[Stock], 0) AS decimal(18,2))), 0.0)
      FROM [Products] AS [p]
      WHERE @__ef_filter__p_0 = CAST(1 AS bit) AND [p].[CompanyId] = @__ef_filter__CurrentCompanyId_1 AND [p].[IsActive] = CAST(1 AS bit)
info: Microsoft.EntityFrameworkCore.Database.Command[20101]
      Executed DbCommand (136ms) [Parameters=[@__p_0='?' (DbType = Int32), @__ef_filter__p_0='?' (DbType = Boolean), @__ef_filter__CurrentCompanyId_1='?' (DbType = Int32)], CommandType='Text', CommandTimeout='30']
      SELECT TOP(@__p_0) [l].[Id], [l].[CompanyId], [l].[IpAddress], [l].[Islem], [l].[KullaniciAdi], [l].[Rol], [l].[Tarih], [l].[UserId]
      FROM [Logs] AS [l]
      WHERE @__ef_filter__p_0 = CAST(1 AS bit) AND [l].[CompanyId] = @__ef_filter__CurrentCompanyId_1
      ORDER BY [l].[Tarih] DESC
info: Microsoft.EntityFrameworkCore.Database.Command[20101]
      Executed DbCommand (131ms) [Parameters=[@__companyId_0='?' (DbType = Int32)], CommandType='Text', CommandTimeout='30']
      SELECT TOP(1) [c].[Id], [c].[CompanyCode], [c].[CompanyName], [c].[CreatedDate], [c].[PlanType]
      FROM [Companies] AS [c]
      WHERE [c].[Id] = @__companyId_0
info: Microsoft.EntityFrameworkCore.Database.Command[20101]
      Executed DbCommand (107ms) [Parameters=[@__ef_filter__p_0='?' (DbType = Boolean), @__ef_filter__CurrentCompanyId_1='?' (DbType = Int32)], CommandType='Text', CommandTimeout='30']
      SELECT [k].[Id], [k].[Aciklama], [k].[CompanyId], [k].[CreatedDate], [k].[IsActive], [k].[KategoriAd]
      FROM [Kategoriler] AS [k]
      WHERE @__ef_filter__p_0 = CAST(1 AS bit) AND [k].[CompanyId] = @__ef_filter__CurrentCompanyId_1
      ORDER BY [k].[KategoriAd]
info: Microsoft.EntityFrameworkCore.Database.Command[20101]
      Executed DbCommand (118ms) [Parameters=[@p0='?' (DbType = Int32), @p1='?' (Size = 100), @p2='?' (Size = 500), @p3='?' (Size = 50), @p4='?' (Size = 20), @p5='?' (DbType = DateTime2), @p6='?' (DbType = Int32), @p7='?' (DbType = Int32), @p8='?' (DbType = Int32), @p9='?' (DbType = DateTime2), @p10='?' (DbType = Int32), @p11='?' (DbType = Boolean), @p12='?' (DbType = Int32), @p13='?' (Size = 150), @p14='?' (Precision = 18) (Scale = 2) (DbType = Decimal), @p15='?' (DbType = Int32), @p16='?' (Size = 50), @p17='?' (DbType = Int32)], CommandType='Text', CommandTimeout='30']
      SET NOCOUNT ON;
      INSERT INTO [Logs] ([CompanyId], [IpAddress], [Islem], [KullaniciAdi], [Rol], [Tarih], [UserId])
      OUTPUT INSERTED.[Id]
      VALUES (@p0, @p1, @p2, @p3, @p4, @p5, @p6);
      INSERT INTO [Products] ([CompanyId], [CreatedByUserId], [CreatedDate], [CriticalStock], [IsActive], [KategoriId], [Name], [Price], [Stock], [StockType], [UserId])
      OUTPUT INSERTED.[Id]
      VALUES (@p7, @p8, @p9, @p10, @p11, @p12, @p13, @p14, @p15, @p16, @p17);
info: Microsoft.EntityFrameworkCore.Database.Command[20101]
      Executed DbCommand (127ms) [Parameters=[@__ef_filter__p_0='?' (DbType = Boolean), @__ef_filter__CurrentCompanyId_1='?' (DbType = Int32)], CommandType='Text', CommandTimeout='30']
      SELECT [k].[Id], [k].[Aciklama], [k].[CompanyId], [k].[CreatedDate], [k].[IsActive], [k].[KategoriAd]
      FROM [Kategoriler] AS [k]
      WHERE @__ef_filter__p_0 = CAST(1 AS bit) AND [k].[CompanyId] = @__ef_filter__CurrentCompanyId_1
      ORDER BY [k].[KategoriAd]
info: Microsoft.EntityFrameworkCore.Database.Command[20101]
      Executed DbCommand (134ms) [Parameters=[@__ef_filter__p_0='?' (DbType = Boolean), @__ef_filter__CurrentCompanyId_1='?' (DbType = Int32)], CommandType='Text', CommandTimeout='30']
      SELECT [p].[Id], [p].[CompanyId], [p].[CreatedByUserId], [p].[CreatedDate], [p].[CriticalStock], [p].[IsActive], [p].[KategoriId], [p].[Name], [p].[Price], [p].[Stock], [p].[StockType], [p].[UserId], [t].[Id], [t].[Aciklama], [t].[CompanyId], [t].[CreatedDate], [t].[IsActive], [t].[KategoriAd]
      FROM [Products] AS [p]
      LEFT JOIN (
          SELECT [k].[Id], [k].[Aciklama], [k].[CompanyId], [k].[CreatedDate], [k].[IsActive], [k].[KategoriAd]
          FROM [Kategoriler] AS [k]
          WHERE @__ef_filter__p_0 = CAST(1 AS bit) AND [k].[CompanyId] = @__ef_filter__CurrentCompanyId_1
      ) AS [t] ON [p].[KategoriId] = [t].[Id]
      WHERE @__ef_filter__p_0 = CAST(1 AS bit) AND [p].[CompanyId] = @__ef_filter__CurrentCompanyId_1 AND [p].[IsActive] = CAST(1 AS bit)
      ORDER BY [p].[CreatedDate] DESC
info: Microsoft.EntityFrameworkCore.Database.Command[20101]
      Executed DbCommand (107ms) [Parameters=[@__companyId_0='?' (DbType = Int32)], CommandType='Text', CommandTimeout='30']
      SELECT TOP(1) [c].[Id], [c].[CompanyCode], [c].[CompanyName], [c].[CreatedDate], [c].[PlanType]
      FROM [Companies] AS [c]
      WHERE [c].[Id] = @__companyId_0
info: Microsoft.EntityFrameworkCore.Database.Command[20101]
      Executed DbCommand (107ms) [Parameters=[@__companyId_0='?' (DbType = Int32)], CommandType='Text', CommandTimeout='30']
      SELECT [a].[Id], [a].[AccessFailedCount], [a].[CompanyId], [a].[ConcurrencyStamp], [a].[CreatedDate], [a].[Email], [a].[EmailConfirmed], [a].[FullName], [a].[IsActive], [a].[LockoutEnabled], [a].[LockoutEnd], [a].[NormalizedEmail], [a].[NormalizedUserName], [a].[PasswordHash], [a].[PhoneNumber], [a].[PhoneNumberConfirmed], [a].[Role], [a].[SecurityStamp], [a].[TwoFactorEnabled], [a].[Username]
      FROM [AspNetUsers] AS [a]
      WHERE [a].[CompanyId] = @__companyId_0 AND [a].[IsActive] = CAST(1 AS bit)
      ORDER BY [a].[Id] DESC
info: Microsoft.EntityFrameworkCore.Database.Command[20101]
      Executed DbCommand (135ms) [Parameters=[@__ef_filter__p_0='?' (DbType = Boolean), @__ef_filter__CurrentCompanyId_1='?' (DbType = Int32)], CommandType='Text', CommandTimeout='30']
      SELECT COUNT(*)
      FROM [Products] AS [p]
      WHERE @__ef_filter__p_0 = CAST(1 AS bit) AND [p].[CompanyId] = @__ef_filter__CurrentCompanyId_1
info: Microsoft.EntityFrameworkCore.Database.Command[20101]
      Executed DbCommand (418ms) [Parameters=[@__ef_filter__p_0='?' (DbType = Boolean), @__ef_filter__CurrentCompanyId_1='?' (DbType = Int32)], CommandType='Text', CommandTimeout='30']
      SELECT COUNT(*)
      FROM [Kategoriler] AS [k]
      WHERE @__ef_filter__p_0 = CAST(1 AS bit) AND [k].[CompanyId] = @__ef_filter__CurrentCompanyId_1
info: Microsoft.EntityFrameworkCore.Database.Command[20101]
      Executed DbCommand (111ms) [Parameters=[@__ToLower_0='?' (Size = 50)], CommandType='Text', CommandTimeout='30']
      SELECT CASE
          WHEN EXISTS (
              SELECT 1
              FROM [AspNetUsers] AS [a]
              WHERE LOWER([a].[Username]) = @__ToLower_0) THEN CAST(1 AS bit)
          ELSE CAST(0 AS bit)
      END
info: Microsoft.EntityFrameworkCore.Database.Command[20101]
      Executed DbCommand (111ms) [Parameters=[@__ToLower_0='?' (Size = 150)], CommandType='Text', CommandTimeout='30']
      SELECT CASE
          WHEN EXISTS (
              SELECT 1
              FROM [AspNetUsers] AS [a]
              WHERE [a].[Email] IS NOT NULL AND LOWER([a].[Email]) = @__ToLower_0) THEN CAST(1 AS bit)
          ELSE CAST(0 AS bit)
      END
info: Microsoft.EntityFrameworkCore.Database.Command[20101]
      Executed DbCommand (505ms) [Parameters=[@__inviteCode_0='?' (Size = 20)], CommandType='Text', CommandTimeout='30']
      SELECT TOP(1) [c].[Id], [c].[CompanyCode], [c].[CompanyName], [c].[CreatedDate], [c].[PlanType]
      FROM [Companies] AS [c]
      WHERE [c].[CompanyCode] = @__inviteCode_0
info: Microsoft.EntityFrameworkCore.Database.Command[20101]
      Executed DbCommand (115ms) [Parameters=[@__normalizedUserName_0='?' (Size = 256)], CommandType='Text', CommandTimeout='30']
      SELECT TOP(1) [a].[Id], [a].[AccessFailedCount], [a].[CompanyId], [a].[ConcurrencyStamp], [a].[CreatedDate], [a].[Email], [a].[EmailConfirmed], [a].[FullName], [a].[IsActive], [a].[LockoutEnabled], [a].[LockoutEnd], [a].[NormalizedEmail], [a].[NormalizedUserName], [a].[PasswordHash], [a].[PhoneNumber], [a].[PhoneNumberConfirmed], [a].[Role], [a].[SecurityStamp], [a].[TwoFactorEnabled], [a].[Username]
      FROM [AspNetUsers] AS [a]
      WHERE [a].[NormalizedUserName] = @__normalizedUserName_0
info: Microsoft.EntityFrameworkCore.Database.Command[20101]
      Executed DbCommand (122ms) [Parameters=[@__normalizedEmail_0='?' (Size = 256)], CommandType='Text', CommandTimeout='30']
      SELECT TOP(2) [a].[Id], [a].[AccessFailedCount], [a].[CompanyId], [a].[ConcurrencyStamp], [a].[CreatedDate], [a].[Email], [a].[EmailConfirmed], [a].[FullName], [a].[IsActive], [a].[LockoutEnabled], [a].[LockoutEnd], [a].[NormalizedEmail], [a].[NormalizedUserName], [a].[PasswordHash], [a].[PhoneNumber], [a].[PhoneNumberConfirmed], [a].[Role], [a].[SecurityStamp], [a].[TwoFactorEnabled], [a].[Username]
      FROM [AspNetUsers] AS [a]
      WHERE [a].[NormalizedEmail] = @__normalizedEmail_0
warn: Microsoft.EntityFrameworkCore.Database.Transaction[30004]
      Savepoints are disabled because Multiple Active Result Sets (MARS) is enabled. If 'SaveChanges' fails, then the transaction cannot be automatically rolled back to a known clean state. Instead, the transaction should be rolled back by the application before retrying 'SaveChanges'. See https://go.microsoft.com/fwlink/?linkid=2149338 for more information and examples. To identify the code which triggers this warning, call 'ConfigureWarnings(w => w.Throw(SqlServerEventId.SavepointsDisabledBecauseOfMARS))'.
info: Microsoft.EntityFrameworkCore.Database.Command[20101]
      Executed DbCommand (150ms) [Parameters=[@p0='?' (DbType = Int32), @p1='?' (DbType = Int32), @p2='?' (Size = 4000), @p3='?' (DbType = DateTime2), @p4='?' (Size = 150), @p5='?' (DbType = Boolean), @p6='?' (Size = 100), @p7='?' (DbType = Boolean), @p8='?' (DbType = Boolean), @p9='?' (DbType = DateTimeOffset), @p10='?' (Size = 256), @p11='?' (Size = 256), @p12='?' (Size = 4000), @p13='?' (Size = 4000), @p14='?' (DbType = Boolean), @p15='?' (Size = 20), @p16='?' (Size = 4000), @p17='?' (DbType = Boolean), @p18='?' (Size = 50)], CommandType='Text', CommandTimeout='30']
      SET IMPLICIT_TRANSACTIONS OFF;
      SET NOCOUNT ON;
      INSERT INTO [AspNetUsers] ([AccessFailedCount], [CompanyId], [ConcurrencyStamp], [CreatedDate], [Email], [EmailConfirmed], [FullName], [IsActive], [LockoutEnabled], [LockoutEnd], [NormalizedEmail], [NormalizedUserName], [PasswordHash], [PhoneNumber], [PhoneNumberConfirmed], [Role], [SecurityStamp], [TwoFactorEnabled], [Username])
      OUTPUT INSERTED.[Id]
      VALUES (@p0, @p1, @p2, @p3, @p4, @p5, @p6, @p7, @p8, @p9, @p10, @p11, @p12, @p13, @p14, @p15, @p16, @p17, @p18);
info: Microsoft.EntityFrameworkCore.Database.Command[20101]
      Executed DbCommand (130ms) [Parameters=[@__normalizedRoleName_0='?' (Size = 256)], CommandType='Text', CommandTimeout='30']
      SELECT TOP(2) [a].[Id], [a].[ConcurrencyStamp], [a].[Name], [a].[NormalizedName]
      FROM [AspNetRoles] AS [a]
      WHERE [a].[NormalizedName] = @__normalizedRoleName_0
info: Microsoft.EntityFrameworkCore.Database.Command[20101]
      Executed DbCommand (122ms) [Parameters=[@__p_0='?' (DbType = Int32), @__p_1='?' (DbType = Int32)], CommandType='Text', CommandTimeout='30']
      SELECT TOP(1) [a].[UserId], [a].[RoleId]
      FROM [AspNetUserRoles] AS [a]
      WHERE [a].[UserId] = @__p_0 AND [a].[RoleId] = @__p_1
info: Microsoft.EntityFrameworkCore.Database.Command[20101]
      Executed DbCommand (106ms) [Parameters=[@__normalizedRoleName_0='?' (Size = 256)], CommandType='Text', CommandTimeout='30']
      SELECT TOP(2) [a].[Id], [a].[ConcurrencyStamp], [a].[Name], [a].[NormalizedName]
      FROM [AspNetRoles] AS [a]
      WHERE [a].[NormalizedName] = @__normalizedRoleName_0
info: Microsoft.EntityFrameworkCore.Database.Command[20101]
      Executed DbCommand (130ms) [Parameters=[@__normalizedUserName_0='?' (Size = 256)], CommandType='Text', CommandTimeout='30']
      SELECT TOP(1) [a].[Id], [a].[AccessFailedCount], [a].[CompanyId], [a].[ConcurrencyStamp], [a].[CreatedDate], [a].[Email], [a].[EmailConfirmed], [a].[FullName], [a].[IsActive], [a].[LockoutEnabled], [a].[LockoutEnd], [a].[NormalizedEmail], [a].[NormalizedUserName], [a].[PasswordHash], [a].[PhoneNumber], [a].[PhoneNumberConfirmed], [a].[Role], [a].[SecurityStamp], [a].[TwoFactorEnabled], [a].[Username]
      FROM [AspNetUsers] AS [a]
      WHERE [a].[NormalizedUserName] = @__normalizedUserName_0
info: Microsoft.EntityFrameworkCore.Database.Command[20101]
      Executed DbCommand (440ms) [Parameters=[@__normalizedEmail_0='?' (Size = 256)], CommandType='Text', CommandTimeout='30']
      SELECT TOP(2) [a].[Id], [a].[AccessFailedCount], [a].[CompanyId], [a].[ConcurrencyStamp], [a].[CreatedDate], [a].[Email], [a].[EmailConfirmed], [a].[FullName], [a].[IsActive], [a].[LockoutEnabled], [a].[LockoutEnd], [a].[NormalizedEmail], [a].[NormalizedUserName], [a].[PasswordHash], [a].[PhoneNumber], [a].[PhoneNumberConfirmed], [a].[Role], [a].[SecurityStamp], [a].[TwoFactorEnabled], [a].[Username]
      FROM [AspNetUsers] AS [a]
      WHERE [a].[NormalizedEmail] = @__normalizedEmail_0
warn: Microsoft.EntityFrameworkCore.Database.Transaction[30004]
      Savepoints are disabled because Multiple Active Result Sets (MARS) is enabled. If 'SaveChanges' fails, then the transaction cannot be automatically rolled back to a known clean state. Instead, the transaction should be rolled back by the application before retrying 'SaveChanges'. See https://go.microsoft.com/fwlink/?linkid=2149338 for more information and examples. To identify the code which triggers this warning, call 'ConfigureWarnings(w => w.Throw(SqlServerEventId.SavepointsDisabledBecauseOfMARS))'.
info: Microsoft.EntityFrameworkCore.Database.Command[20101]
      Executed DbCommand (115ms) [Parameters=[@p0='?' (DbType = Int32), @p1='?' (DbType = Int32), @p21='?' (DbType = Int32), @p2='?' (DbType = Int32), @p3='?' (DbType = Int32), @p4='?' (Size = 4000), @p22='?' (Size = 4000), @p5='?' (DbType = DateTime2), @p6='?' (Size = 150), @p7='?' (DbType = Boolean), @p8='?' (Size = 100), @p9='?' (DbType = Boolean), @p10='?' (DbType = Boolean), @p11='?' (DbType = DateTimeOffset), @p12='?' (Size = 256), @p13='?' (Size = 256), @p14='?' (Size = 4000), @p15='?' (Size = 4000), @p16='?' (DbType = Boolean), @p17='?' (Size = 20), @p18='?' (Size = 4000), @p19='?' (DbType = Boolean), @p20='?' (Size = 50)], CommandType='Text', CommandTimeout='30']
      SET NOCOUNT ON;
      INSERT INTO [AspNetUserRoles] ([RoleId], [UserId])
      VALUES (@p0, @p1);
      UPDATE [AspNetUsers] SET [AccessFailedCount] = @p2, [CompanyId] = @p3, [ConcurrencyStamp] = @p4, [CreatedDate] = @p5, [Email] = @p6, [EmailConfirmed] = @p7, [FullName] = @p8, [IsActive] = @p9, [LockoutEnabled] = @p10, [LockoutEnd] = @p11, [NormalizedEmail] = @p12, [NormalizedUserName] = @p13, [PasswordHash] = @p14, [PhoneNumber] = @p15, [PhoneNumberConfirmed] = @p16, [Role] = @p17, [SecurityStamp] = @p18, [TwoFactorEnabled] = @p19, [Username] = @p20
      OUTPUT 1
      WHERE [Id] = @p21 AND [ConcurrencyStamp] = @p22;
warn: Microsoft.EntityFrameworkCore.Database.Transaction[30004]
      Savepoints are disabled because Multiple Active Result Sets (MARS) is enabled. If 'SaveChanges' fails, then the transaction cannot be automatically rolled back to a known clean state. Instead, the transaction should be rolled back by the application before retrying 'SaveChanges'. See https://go.microsoft.com/fwlink/?linkid=2149338 for more information and examples. To identify the code which triggers this warning, call 'ConfigureWarnings(w => w.Throw(SqlServerEventId.SavepointsDisabledBecauseOfMARS))'.
info: Microsoft.EntityFrameworkCore.Database.Command[20101]
      Executed DbCommand (168ms) [Parameters=[@p0='?' (DbType = Int32), @p1='?' (Size = 100), @p2='?' (Size = 500), @p3='?' (Size = 50), @p4='?' (Size = 20), @p5='?' (DbType = DateTime2), @p6='?' (DbType = Int32)], CommandType='Text', CommandTimeout='30']
      SET IMPLICIT_TRANSACTIONS OFF;
      SET NOCOUNT ON;
      INSERT INTO [Logs] ([CompanyId], [IpAddress], [Islem], [KullaniciAdi], [Rol], [Tarih], [UserId])
      OUTPUT INSERTED.[Id]
      VALUES (@p0, @p1, @p2, @p3, @p4, @p5, @p6);
info: Microsoft.EntityFrameworkCore.Database.Command[20101]
      Executed DbCommand (92ms) [Parameters=[@__companyId_0='?' (DbType = Int32)], CommandType='Text', CommandTimeout='30']
      SELECT TOP(1) [c].[Id], [c].[CompanyCode], [c].[CompanyName], [c].[CreatedDate], [c].[PlanType]
      FROM [Companies] AS [c]
      WHERE [c].[Id] = @__companyId_0
info: Microsoft.EntityFrameworkCore.Database.Command[20101]
      Executed DbCommand (683ms) [Parameters=[@__companyId_0='?' (DbType = Int32)], CommandType='Text', CommandTimeout='30']
      SELECT [a].[Id], [a].[AccessFailedCount], [a].[CompanyId], [a].[ConcurrencyStamp], [a].[CreatedDate], [a].[Email], [a].[EmailConfirmed], [a].[FullName], [a].[IsActive], [a].[LockoutEnabled], [a].[LockoutEnd], [a].[NormalizedEmail], [a].[NormalizedUserName], [a].[PasswordHash], [a].[PhoneNumber], [a].[PhoneNumberConfirmed], [a].[Role], [a].[SecurityStamp], [a].[TwoFactorEnabled], [a].[Username]
      FROM [AspNetUsers] AS [a]
      WHERE [a].[CompanyId] = @__companyId_0 AND [a].[IsActive] = CAST(1 AS bit)
      ORDER BY [a].[Id] DESC
info: Microsoft.EntityFrameworkCore.Database.Command[20101]
      Executed DbCommand (128ms) [Parameters=[@__ef_filter__p_0='?' (DbType = Boolean), @__ef_filter__CurrentCompanyId_1='?' (DbType = Int32)], CommandType='Text', CommandTimeout='30']
      SELECT COUNT(*)
      FROM [Products] AS [p]
      WHERE @__ef_filter__p_0 = CAST(1 AS bit) AND [p].[CompanyId] = @__ef_filter__CurrentCompanyId_1
info: Microsoft.EntityFrameworkCore.Database.Command[20101]
      Executed DbCommand (104ms) [Parameters=[@__ef_filter__p_0='?' (DbType = Boolean), @__ef_filter__CurrentCompanyId_1='?' (DbType = Int32)], CommandType='Text', CommandTimeout='30']
      SELECT COUNT(*)
      FROM [Kategoriler] AS [k]
      WHERE @__ef_filter__p_0 = CAST(1 AS bit) AND [k].[CompanyId] = @__ef_filter__CurrentCompanyId_1
info: Microsoft.EntityFrameworkCore.Database.Command[20101]
      Executed DbCommand (101ms) [Parameters=[@__companyId_0='?' (DbType = Int32)], CommandType='Text', CommandTimeout='30']
      SELECT TOP(1) [c].[Id], [c].[CompanyCode], [c].[CompanyName], [c].[CreatedDate], [c].[PlanType]
      FROM [Companies] AS [c]
      WHERE [c].[Id] = @__companyId_0
info: Microsoft.EntityFrameworkCore.Database.Command[20101]
      Executed DbCommand (135ms) [Parameters=[@__companyId_0='?' (DbType = Int32)], CommandType='Text', CommandTimeout='30']
      SELECT [a].[Id], [a].[AccessFailedCount], [a].[CompanyId], [a].[ConcurrencyStamp], [a].[CreatedDate], [a].[Email], [a].[EmailConfirmed], [a].[FullName], [a].[IsActive], [a].[LockoutEnabled], [a].[LockoutEnd], [a].[NormalizedEmail], [a].[NormalizedUserName], [a].[PasswordHash], [a].[PhoneNumber], [a].[PhoneNumberConfirmed], [a].[Role], [a].[SecurityStamp], [a].[TwoFactorEnabled], [a].[Username]
      FROM [AspNetUsers] AS [a]
      WHERE [a].[CompanyId] = @__companyId_0 AND [a].[IsActive] = CAST(1 AS bit)
      ORDER BY [a].[Id] DESC
info: Microsoft.EntityFrameworkCore.Database.Command[20101]
      Executed DbCommand (105ms) [Parameters=[@__ef_filter__p_0='?' (DbType = Boolean), @__ef_filter__CurrentCompanyId_1='?' (DbType = Int32)], CommandType='Text', CommandTimeout='30']
      SELECT COUNT(*)
      FROM [Products] AS [p]
      WHERE @__ef_filter__p_0 = CAST(1 AS bit) AND [p].[CompanyId] = @__ef_filter__CurrentCompanyId_1
info: Microsoft.EntityFrameworkCore.Database.Command[20101]
      Executed DbCommand (424ms) [Parameters=[@__ef_filter__p_0='?' (DbType = Boolean), @__ef_filter__CurrentCompanyId_1='?' (DbType = Int32)], CommandType='Text', CommandTimeout='30']
      SELECT COUNT(*)
      FROM [Kategoriler] AS [k]
      WHERE @__ef_filter__p_0 = CAST(1 AS bit) AND [k].[CompanyId] = @__ef_filter__CurrentCompanyId_1
info: Microsoft.EntityFrameworkCore.Database.Command[20101]
      Executed DbCommand (119ms) [Parameters=[@__companyId_0='?' (DbType = Int32)], CommandType='Text', CommandTimeout='30']
      SELECT TOP(1) [c].[Id], [c].[CompanyCode], [c].[CompanyName], [c].[CreatedDate], [c].[PlanType]
      FROM [Companies] AS [c]
      WHERE [c].[Id] = @__companyId_0
info: Microsoft.EntityFrameworkCore.Database.Command[20101]
      Executed DbCommand (125ms) [Parameters=[@__id_0='?' (DbType = Int32), @__companyId_1='?' (DbType = Int32)], CommandType='Text', CommandTimeout='30']
      SELECT TOP(1) [a].[Id], [a].[AccessFailedCount], [a].[CompanyId], [a].[ConcurrencyStamp], [a].[CreatedDate], [a].[Email], [a].[EmailConfirmed], [a].[FullName], [a].[IsActive], [a].[LockoutEnabled], [a].[LockoutEnd], [a].[NormalizedEmail], [a].[NormalizedUserName], [a].[PasswordHash], [a].[PhoneNumber], [a].[PhoneNumberConfirmed], [a].[Role], [a].[SecurityStamp], [a].[TwoFactorEnabled], [a].[Username]
      FROM [AspNetUsers] AS [a]
      WHERE [a].[Id] = @__id_0 AND [a].[CompanyId] = @__companyId_1 AND [a].[IsActive] = CAST(1 AS bit)
info: Microsoft.EntityFrameworkCore.Database.Command[20101]
      Executed DbCommand (425ms) [Parameters=[@__userId_0='?' (DbType = Int32)], CommandType='Text', CommandTimeout='30']
      SELECT [a0].[Name]
      FROM [AspNetUserRoles] AS [a]
      INNER JOIN [AspNetRoles] AS [a0] ON [a].[RoleId] = [a0].[Id]
      WHERE [a].[UserId] = @__userId_0
info: Microsoft.EntityFrameworkCore.Database.Command[20101]
      Executed DbCommand (133ms) [Parameters=[@__normalizedRoleName_0='?' (Size = 256)], CommandType='Text', CommandTimeout='30']
      SELECT TOP(2) [a].[Id], [a].[ConcurrencyStamp], [a].[Name], [a].[NormalizedName]
      FROM [AspNetRoles] AS [a]
      WHERE [a].[NormalizedName] = @__normalizedRoleName_0
info: Microsoft.EntityFrameworkCore.Database.Command[20101]
      Executed DbCommand (124ms) [Parameters=[@__p_0='?' (DbType = Int32), @__p_1='?' (DbType = Int32)], CommandType='Text', CommandTimeout='30']
      SELECT TOP(1) [a].[UserId], [a].[RoleId]
      FROM [AspNetUserRoles] AS [a]
      WHERE [a].[UserId] = @__p_0 AND [a].[RoleId] = @__p_1
info: Microsoft.EntityFrameworkCore.Database.Command[20101]
      Executed DbCommand (436ms) [Parameters=[@__normalizedRoleName_0='?' (Size = 256)], CommandType='Text', CommandTimeout='30']
      SELECT TOP(2) [a].[Id], [a].[ConcurrencyStamp], [a].[Name], [a].[NormalizedName]
      FROM [AspNetRoles] AS [a]
      WHERE [a].[NormalizedName] = @__normalizedRoleName_0
info: Microsoft.EntityFrameworkCore.Database.Command[20101]
      Executed DbCommand (144ms) [Parameters=[@__normalizedUserName_0='?' (Size = 256)], CommandType='Text', CommandTimeout='30']
      SELECT TOP(1) [a].[Id], [a].[AccessFailedCount], [a].[CompanyId], [a].[ConcurrencyStamp], [a].[CreatedDate], [a].[Email], [a].[EmailConfirmed], [a].[FullName], [a].[IsActive], [a].[LockoutEnabled], [a].[LockoutEnd], [a].[NormalizedEmail], [a].[NormalizedUserName], [a].[PasswordHash], [a].[PhoneNumber], [a].[PhoneNumberConfirmed], [a].[Role], [a].[SecurityStamp], [a].[TwoFactorEnabled], [a].[Username]
      FROM [AspNetUsers] AS [a]
      WHERE [a].[NormalizedUserName] = @__normalizedUserName_0
info: Microsoft.EntityFrameworkCore.Database.Command[20101]
      Executed DbCommand (111ms) [Parameters=[@__normalizedEmail_0='?' (Size = 256)], CommandType='Text', CommandTimeout='30']
      SELECT TOP(2) [a].[Id], [a].[AccessFailedCount], [a].[CompanyId], [a].[ConcurrencyStamp], [a].[CreatedDate], [a].[Email], [a].[EmailConfirmed], [a].[FullName], [a].[IsActive], [a].[LockoutEnabled], [a].[LockoutEnd], [a].[NormalizedEmail], [a].[NormalizedUserName], [a].[PasswordHash], [a].[PhoneNumber], [a].[PhoneNumberConfirmed], [a].[Role], [a].[SecurityStamp], [a].[TwoFactorEnabled], [a].[Username]
      FROM [AspNetUsers] AS [a]
      WHERE [a].[NormalizedEmail] = @__normalizedEmail_0
info: Microsoft.EntityFrameworkCore.Database.Command[20101]
      Executed DbCommand (130ms) [Parameters=[@p0='?' (DbType = Int32), @p1='?' (DbType = Int32), @p21='?' (DbType = Int32), @p2='?' (DbType = Int32), @p3='?' (DbType = Int32), @p4='?' (Size = 4000), @p22='?' (Size = 4000), @p5='?' (DbType = DateTime2), @p6='?' (Size = 150), @p7='?' (DbType = Boolean), @p8='?' (Size = 100), @p9='?' (DbType = Boolean), @p10='?' (DbType = Boolean), @p11='?' (DbType = DateTimeOffset), @p12='?' (Size = 256), @p13='?' (Size = 256), @p14='?' (Size = 4000), @p15='?' (Size = 4000), @p16='?' (DbType = Boolean), @p17='?' (Size = 20), @p18='?' (Size = 4000), @p19='?' (DbType = Boolean), @p20='?' (Size = 50)], CommandType='Text', CommandTimeout='30']
      SET NOCOUNT ON;
      DELETE FROM [AspNetUserRoles]
      OUTPUT 1
      WHERE [RoleId] = @p0 AND [UserId] = @p1;
      UPDATE [AspNetUsers] SET [AccessFailedCount] = @p2, [CompanyId] = @p3, [ConcurrencyStamp] = @p4, [CreatedDate] = @p5, [Email] = @p6, [EmailConfirmed] = @p7, [FullName] = @p8, [IsActive] = @p9, [LockoutEnabled] = @p10, [LockoutEnd] = @p11, [NormalizedEmail] = @p12, [NormalizedUserName] = @p13, [PasswordHash] = @p14, [PhoneNumber] = @p15, [PhoneNumberConfirmed] = @p16, [Role] = @p17, [SecurityStamp] = @p18, [TwoFactorEnabled] = @p19, [Username] = @p20
      OUTPUT 1
      WHERE [Id] = @p21 AND [ConcurrencyStamp] = @p22;
info: Microsoft.EntityFrameworkCore.Database.Command[20101]
      Executed DbCommand (111ms) [Parameters=[@__normalizedRoleName_0='?' (Size = 256)], CommandType='Text', CommandTimeout='30']
      SELECT TOP(2) [a].[Id], [a].[ConcurrencyStamp], [a].[Name], [a].[NormalizedName]
      FROM [AspNetRoles] AS [a]
      WHERE [a].[NormalizedName] = @__normalizedRoleName_0
info: Microsoft.EntityFrameworkCore.Database.Command[20101]
      Executed DbCommand (108ms) [Parameters=[@__p_0='?' (DbType = Int32), @__p_1='?' (DbType = Int32)], CommandType='Text', CommandTimeout='30']
      SELECT TOP(1) [a].[UserId], [a].[RoleId]
      FROM [AspNetUserRoles] AS [a]
      WHERE [a].[UserId] = @__p_0 AND [a].[RoleId] = @__p_1
info: Microsoft.EntityFrameworkCore.Database.Command[20101]
      Executed DbCommand (428ms) [Parameters=[@__normalizedRoleName_0='?' (Size = 256)], CommandType='Text', CommandTimeout='30']
      SELECT TOP(2) [a].[Id], [a].[ConcurrencyStamp], [a].[Name], [a].[NormalizedName]
      FROM [AspNetRoles] AS [a]
      WHERE [a].[NormalizedName] = @__normalizedRoleName_0
info: Microsoft.EntityFrameworkCore.Database.Command[20101]
      Executed DbCommand (115ms) [Parameters=[@__normalizedUserName_0='?' (Size = 256)], CommandType='Text', CommandTimeout='30']
      SELECT TOP(1) [a].[Id], [a].[AccessFailedCount], [a].[CompanyId], [a].[ConcurrencyStamp], [a].[CreatedDate], [a].[Email], [a].[EmailConfirmed], [a].[FullName], [a].[IsActive], [a].[LockoutEnabled], [a].[LockoutEnd], [a].[NormalizedEmail], [a].[NormalizedUserName], [a].[PasswordHash], [a].[PhoneNumber], [a].[PhoneNumberConfirmed], [a].[Role], [a].[SecurityStamp], [a].[TwoFactorEnabled], [a].[Username]
      FROM [AspNetUsers] AS [a]
      WHERE [a].[NormalizedUserName] = @__normalizedUserName_0
info: Microsoft.EntityFrameworkCore.Database.Command[20101]
      Executed DbCommand (135ms) [Parameters=[@__normalizedEmail_0='?' (Size = 256)], CommandType='Text', CommandTimeout='30']
      SELECT TOP(2) [a].[Id], [a].[AccessFailedCount], [a].[CompanyId], [a].[ConcurrencyStamp], [a].[CreatedDate], [a].[Email], [a].[EmailConfirmed], [a].[FullName], [a].[IsActive], [a].[LockoutEnabled], [a].[LockoutEnd], [a].[NormalizedEmail], [a].[NormalizedUserName], [a].[PasswordHash], [a].[PhoneNumber], [a].[PhoneNumberConfirmed], [a].[Role], [a].[SecurityStamp], [a].[TwoFactorEnabled], [a].[Username]
      FROM [AspNetUsers] AS [a]
      WHERE [a].[NormalizedEmail] = @__normalizedEmail_0
info: Microsoft.EntityFrameworkCore.Database.Command[20101]
      Executed DbCommand (153ms) [Parameters=[@p0='?' (DbType = Int32), @p1='?' (DbType = Int32), @p21='?' (DbType = Int32), @p2='?' (DbType = Int32), @p3='?' (DbType = Int32), @p4='?' (Size = 4000), @p22='?' (Size = 4000), @p5='?' (DbType = DateTime2), @p6='?' (Size = 150), @p7='?' (DbType = Boolean), @p8='?' (Size = 100), @p9='?' (DbType = Boolean), @p10='?' (DbType = Boolean), @p11='?' (DbType = DateTimeOffset), @p12='?' (Size = 256), @p13='?' (Size = 256), @p14='?' (Size = 4000), @p15='?' (Size = 4000), @p16='?' (DbType = Boolean), @p17='?' (Size = 20), @p18='?' (Size = 4000), @p19='?' (DbType = Boolean), @p20='?' (Size = 50)], CommandType='Text', CommandTimeout='30']
      SET NOCOUNT ON;
      INSERT INTO [AspNetUserRoles] ([RoleId], [UserId])
      VALUES (@p0, @p1);
      UPDATE [AspNetUsers] SET [AccessFailedCount] = @p2, [CompanyId] = @p3, [ConcurrencyStamp] = @p4, [CreatedDate] = @p5, [Email] = @p6, [EmailConfirmed] = @p7, [FullName] = @p8, [IsActive] = @p9, [LockoutEnabled] = @p10, [LockoutEnd] = @p11, [NormalizedEmail] = @p12, [NormalizedUserName] = @p13, [PasswordHash] = @p14, [PhoneNumber] = @p15, [PhoneNumberConfirmed] = @p16, [Role] = @p17, [SecurityStamp] = @p18, [TwoFactorEnabled] = @p19, [Username] = @p20
      OUTPUT 1
      WHERE [Id] = @p21 AND [ConcurrencyStamp] = @p22;
info: Microsoft.EntityFrameworkCore.Database.Command[20101]
      Executed DbCommand (125ms) [Parameters=[@p1='?' (DbType = Int32), @p2='?' (Size = 4000), @p0='?' (Size = 20), @p3='?' (DbType = Int32), @p4='?' (Size = 100), @p5='?' (Size = 500), @p6='?' (Size = 50), @p7='?' (Size = 20), @p8='?' (DbType = DateTime2), @p9='?' (DbType = Int32)], CommandType='Text', CommandTimeout='30']
      SET NOCOUNT ON;
      UPDATE [AspNetUsers] SET [Role] = @p0
      OUTPUT 1
      WHERE [Id] = @p1 AND [ConcurrencyStamp] = @p2;
      INSERT INTO [Logs] ([CompanyId], [IpAddress], [Islem], [KullaniciAdi], [Rol], [Tarih], [UserId])
      OUTPUT INSERTED.[Id]
      VALUES (@p3, @p4, @p5, @p6, @p7, @p8, @p9);
info: Microsoft.EntityFrameworkCore.Database.Command[20101]
      Executed DbCommand (435ms) [Parameters=[@__companyId_0='?' (DbType = Int32)], CommandType='Text', CommandTimeout='30']
      SELECT TOP(1) [c].[Id], [c].[CompanyCode], [c].[CompanyName], [c].[CreatedDate], [c].[PlanType]
      FROM [Companies] AS [c]
      WHERE [c].[Id] = @__companyId_0
info: Microsoft.EntityFrameworkCore.Database.Command[20101]
      Executed DbCommand (137ms) [Parameters=[@__companyId_0='?' (DbType = Int32)], CommandType='Text', CommandTimeout='30']
      SELECT [a].[Id], [a].[AccessFailedCount], [a].[CompanyId], [a].[ConcurrencyStamp], [a].[CreatedDate], [a].[Email], [a].[EmailConfirmed], [a].[FullName], [a].[IsActive], [a].[LockoutEnabled], [a].[LockoutEnd], [a].[NormalizedEmail], [a].[NormalizedUserName], [a].[PasswordHash], [a].[PhoneNumber], [a].[PhoneNumberConfirmed], [a].[Role], [a].[SecurityStamp], [a].[TwoFactorEnabled], [a].[Username]
      FROM [AspNetUsers] AS [a]
      WHERE [a].[CompanyId] = @__companyId_0 AND [a].[IsActive] = CAST(1 AS bit)
      ORDER BY [a].[Id] DESC
info: Microsoft.EntityFrameworkCore.Database.Command[20101]
      Executed DbCommand (155ms) [Parameters=[@__ef_filter__p_0='?' (DbType = Boolean), @__ef_filter__CurrentCompanyId_1='?' (DbType = Int32)], CommandType='Text', CommandTimeout='30']
      SELECT COUNT(*)
      FROM [Products] AS [p]
      WHERE @__ef_filter__p_0 = CAST(1 AS bit) AND [p].[CompanyId] = @__ef_filter__CurrentCompanyId_1
info: Microsoft.EntityFrameworkCore.Database.Command[20101]
      Executed DbCommand (96ms) [Parameters=[@__ef_filter__p_0='?' (DbType = Boolean), @__ef_filter__CurrentCompanyId_1='?' (DbType = Int32)], CommandType='Text', CommandTimeout='30']
      SELECT COUNT(*)
      FROM [Kategoriler] AS [k]
      WHERE @__ef_filter__p_0 = CAST(1 AS bit) AND [k].[CompanyId] = @__ef_filter__CurrentCompanyId_1
info: Microsoft.EntityFrameworkCore.Database.Command[20101]
      Executed DbCommand (133ms) [Parameters=[@__username_0='?' (Size = 50)], CommandType='Text', CommandTimeout='30']
      SELECT TOP(1) [a].[Id], [a].[AccessFailedCount], [a].[CompanyId], [a].[ConcurrencyStamp], [a].[CreatedDate], [a].[Email], [a].[EmailConfirmed], [a].[FullName], [a].[IsActive], [a].[LockoutEnabled], [a].[LockoutEnd], [a].[NormalizedEmail], [a].[NormalizedUserName], [a].[PasswordHash], [a].[PhoneNumber], [a].[PhoneNumberConfirmed], [a].[Role], [a].[SecurityStamp], [a].[TwoFactorEnabled], [a].[Username], [c].[Id], [c].[CompanyCode], [c].[CompanyName], [c].[CreatedDate], [c].[PlanType]
      FROM [AspNetUsers] AS [a]
      INNER JOIN [Companies] AS [c] ON [a].[CompanyId] = [c].[Id]
      WHERE [a].[Username] = @__username_0
info: Microsoft.EntityFrameworkCore.Database.Command[20101]
      Executed DbCommand (111ms) [Parameters=[@__user_Id_0='?' (DbType = Int32)], CommandType='Text', CommandTimeout='30']
      SELECT [a].[Id], [a].[ClaimType], [a].[ClaimValue], [a].[UserId]
      FROM [AspNetUserClaims] AS [a]
      WHERE [a].[UserId] = @__user_Id_0
info: Microsoft.EntityFrameworkCore.Database.Command[20101]
      Executed DbCommand (414ms) [Parameters=[@__userId_0='?' (DbType = Int32)], CommandType='Text', CommandTimeout='30']
      SELECT [a0].[Name]
      FROM [AspNetUserRoles] AS [a]
      INNER JOIN [AspNetRoles] AS [a0] ON [a].[RoleId] = [a0].[Id]
      WHERE [a].[UserId] = @__userId_0
info: Microsoft.EntityFrameworkCore.Database.Command[20101]
      Executed DbCommand (125ms) [Parameters=[@__normalizedName_0='?' (Size = 256)], CommandType='Text', CommandTimeout='30']
      SELECT TOP(1) [a].[Id], [a].[ConcurrencyStamp], [a].[Name], [a].[NormalizedName]
      FROM [AspNetRoles] AS [a]
      WHERE [a].[NormalizedName] = @__normalizedName_0
info: Microsoft.EntityFrameworkCore.Database.Command[20101]
      Executed DbCommand (104ms) [Parameters=[@__role_Id_0='?' (DbType = Int32)], CommandType='Text', CommandTimeout='30']
      SELECT [a].[ClaimType], [a].[ClaimValue]
      FROM [AspNetRoleClaims] AS [a]
      WHERE [a].[RoleId] = @__role_Id_0
info: Microsoft.EntityFrameworkCore.Database.Command[20101]
      Executed DbCommand (122ms) [Parameters=[@p0='?' (DbType = Int32), @p1='?' (Size = 100), @p2='?' (Size = 500), @p3='?' (Size = 50), @p4='?' (Size = 20), @p5='?' (DbType = DateTime2), @p6='?' (DbType = Int32)], CommandType='Text', CommandTimeout='30']
      SET IMPLICIT_TRANSACTIONS OFF;
      SET NOCOUNT ON;
      INSERT INTO [Logs] ([CompanyId], [IpAddress], [Islem], [KullaniciAdi], [Rol], [Tarih], [UserId])
      OUTPUT INSERTED.[Id]
      VALUES (@p0, @p1, @p2, @p3, @p4, @p5, @p6);
info: Microsoft.EntityFrameworkCore.Database.Command[20101]
      Executed DbCommand (102ms) [Parameters=[@__ef_filter__p_0='?' (DbType = Boolean), @__ef_filter__CurrentCompanyId_1='?' (DbType = Int32)], CommandType='Text', CommandTimeout='30']
      SELECT COUNT(*)
      FROM [Products] AS [p]
      WHERE @__ef_filter__p_0 = CAST(1 AS bit) AND [p].[CompanyId] = @__ef_filter__CurrentCompanyId_1 AND [p].[IsActive] = CAST(1 AS bit)
info: Microsoft.EntityFrameworkCore.Database.Command[20101]
      Executed DbCommand (99ms) [Parameters=[@__ef_filter__p_0='?' (DbType = Boolean), @__ef_filter__CurrentCompanyId_1='?' (DbType = Int32)], CommandType='Text', CommandTimeout='30']
      SELECT COUNT(*)
      FROM [Kategoriler] AS [k]
      WHERE @__ef_filter__p_0 = CAST(1 AS bit) AND [k].[CompanyId] = @__ef_filter__CurrentCompanyId_1
info: Microsoft.EntityFrameworkCore.Database.Command[20101]
      Executed DbCommand (113ms) [Parameters=[@__ef_filter__p_0='?' (DbType = Boolean), @__ef_filter__CurrentCompanyId_1='?' (DbType = Int32)], CommandType='Text', CommandTimeout='30']
      SELECT COUNT(*)
      FROM [Products] AS [p]
      WHERE @__ef_filter__p_0 = CAST(1 AS bit) AND [p].[CompanyId] = @__ef_filter__CurrentCompanyId_1 AND [p].[IsActive] = CAST(1 AS bit) AND COALESCE([p].[Stock], 0) <= [p].[CriticalStock]
info: Microsoft.EntityFrameworkCore.Database.Command[20101]
      Executed DbCommand (142ms) [Parameters=[@__ef_filter__p_0='?' (DbType = Boolean), @__ef_filter__CurrentCompanyId_1='?' (DbType = Int32)], CommandType='Text', CommandTimeout='30']
      SELECT COALESCE(SUM(COALESCE([p].[Price], 0.0) * CAST(COALESCE([p].[Stock], 0) AS decimal(18,2))), 0.0)
      FROM [Products] AS [p]
      WHERE @__ef_filter__p_0 = CAST(1 AS bit) AND [p].[CompanyId] = @__ef_filter__CurrentCompanyId_1 AND [p].[IsActive] = CAST(1 AS bit)
info: Microsoft.EntityFrameworkCore.Database.Command[20101]
      Executed DbCommand (122ms) [Parameters=[@__p_0='?' (DbType = Int32), @__ef_filter__p_0='?' (DbType = Boolean), @__ef_filter__CurrentCompanyId_1='?' (DbType = Int32)], CommandType='Text', CommandTimeout='30']
      SELECT TOP(@__p_0) [l].[Id], [l].[CompanyId], [l].[IpAddress], [l].[Islem], [l].[KullaniciAdi], [l].[Rol], [l].[Tarih], [l].[UserId]
      FROM [Logs] AS [l]
      WHERE @__ef_filter__p_0 = CAST(1 AS bit) AND [l].[CompanyId] = @__ef_filter__CurrentCompanyId_1
      ORDER BY [l].[Tarih] DESC
info: Microsoft.EntityFrameworkCore.Database.Command[20101]
      Executed DbCommand (122ms) [Parameters=[@__companyId_0='?' (DbType = Int32)], CommandType='Text', CommandTimeout='30']
      SELECT TOP(1) [c].[Id], [c].[CompanyCode], [c].[CompanyName], [c].[CreatedDate], [c].[PlanType]
      FROM [Companies] AS [c]
      WHERE [c].[Id] = @__companyId_0
info: Microsoft.EntityFrameworkCore.Database.Command[20101]
      Executed DbCommand (132ms) [Parameters=[@__ef_filter__p_0='?' (DbType = Boolean), @__ef_filter__CurrentCompanyId_1='?' (DbType = Int32)], CommandType='Text', CommandTimeout='30']
      SELECT [l].[Id], [l].[CompanyId], [l].[IpAddress], [l].[Islem], [l].[KullaniciAdi], [l].[Rol], [l].[Tarih], [l].[UserId]
      FROM [Logs] AS [l]
      WHERE @__ef_filter__p_0 = CAST(1 AS bit) AND [l].[CompanyId] = @__ef_filter__CurrentCompanyId_1
      ORDER BY [l].[Tarih] DESC
info: Microsoft.EntityFrameworkCore.Database.Command[20101]
      Executed DbCommand (129ms) [Parameters=[@__ef_filter__p_0='?' (DbType = Boolean), @__ef_filter__CurrentCompanyId_1='?' (DbType = Int32)], CommandType='Text', CommandTimeout='30']
      SELECT [k].[Id], [k].[Aciklama], [k].[CompanyId], [k].[CreatedDate], [k].[IsActive], [k].[KategoriAd]
      FROM [Kategoriler] AS [k]
      WHERE @__ef_filter__p_0 = CAST(1 AS bit) AND [k].[CompanyId] = @__ef_filter__CurrentCompanyId_1
      ORDER BY [k].[KategoriAd]
info: Microsoft.EntityFrameworkCore.Database.Command[20101]
      Executed DbCommand (135ms) [Parameters=[@__ef_filter__p_0='?' (DbType = Boolean), @__ef_filter__CurrentCompanyId_1='?' (DbType = Int32)], CommandType='Text', CommandTimeout='30']
      SELECT [p].[Id], [p].[CompanyId], [p].[CreatedByUserId], [p].[CreatedDate], [p].[CriticalStock], [p].[IsActive], [p].[KategoriId], [p].[Name], [p].[Price], [p].[Stock], [p].[StockType], [p].[UserId], [t].[Id], [t].[Aciklama], [t].[CompanyId], [t].[CreatedDate], [t].[IsActive], [t].[KategoriAd]
      FROM [Products] AS [p]
      LEFT JOIN (
          SELECT [k].[Id], [k].[Aciklama], [k].[CompanyId], [k].[CreatedDate], [k].[IsActive], [k].[KategoriAd]
          FROM [Kategoriler] AS [k]
          WHERE @__ef_filter__p_0 = CAST(1 AS bit) AND [k].[CompanyId] = @__ef_filter__CurrentCompanyId_1
      ) AS [t] ON [p].[KategoriId] = [t].[Id]
      WHERE @__ef_filter__p_0 = CAST(1 AS bit) AND [p].[CompanyId] = @__ef_filter__CurrentCompanyId_1 AND [p].[IsActive] = CAST(1 AS bit)
      ORDER BY [p].[CreatedDate] DESC
info: Microsoft.EntityFrameworkCore.Database.Command[20101]
      Executed DbCommand (128ms) [Parameters=[@__ef_filter__p_0='?' (DbType = Boolean), @__ef_filter__CurrentCompanyId_1='?' (DbType = Int32)], CommandType='Text', CommandTimeout='30']
      SELECT [k].[Id], [k].[Aciklama], [k].[CompanyId], [k].[CreatedDate], [k].[IsActive], [k].[KategoriAd]
      FROM [Kategoriler] AS [k]
      WHERE @__ef_filter__p_0 = CAST(1 AS bit) AND [k].[CompanyId] = @__ef_filter__CurrentCompanyId_1
      ORDER BY [k].[KategoriAd]
info: Microsoft.EntityFrameworkCore.Database.Command[20101]
      Executed DbCommand (466ms) [Parameters=[@p0='?' (DbType = Int32), @p1='?' (Size = 100), @p2='?' (Size = 500), @p3='?' (Size = 50), @p4='?' (Size = 20), @p5='?' (DbType = DateTime2), @p6='?' (DbType = Int32), @p7='?' (DbType = Int32), @p8='?' (DbType = Int32), @p9='?' (DbType = DateTime2), @p10='?' (DbType = Int32), @p11='?' (DbType = Boolean), @p12='?' (DbType = Int32), @p13='?' (Size = 150), @p14='?' (Precision = 18) (Scale = 2) (DbType = Decimal), @p15='?' (DbType = Int32), @p16='?' (Size = 50), @p17='?' (DbType = Int32)], CommandType='Text', CommandTimeout='30']
      SET NOCOUNT ON;
      INSERT INTO [Logs] ([CompanyId], [IpAddress], [Islem], [KullaniciAdi], [Rol], [Tarih], [UserId])
      OUTPUT INSERTED.[Id]
      VALUES (@p0, @p1, @p2, @p3, @p4, @p5, @p6);
      INSERT INTO [Products] ([CompanyId], [CreatedByUserId], [CreatedDate], [CriticalStock], [IsActive], [KategoriId], [Name], [Price], [Stock], [StockType], [UserId])
      OUTPUT INSERTED.[Id]
      VALUES (@p7, @p8, @p9, @p10, @p11, @p12, @p13, @p14, @p15, @p16, @p17);
